query,len,len_bucket,coles_cnt,wws_search_cnt,coles_url
chocolate thins,2,1,3,3,https://www.coles.com.au/search?q=chocolate%20thins
girls briefs,2,1,19,4,https://www.coles.com.au/search?q=girls%20briefs
essences,1,1,73,0,https://www.coles.com.au/search?q=essences
bao,1,1,10,11,https://www.coles.com.au/search?q=bao
beans sprout,2,1,3,3,https://www.coles.com.au/search?q=beans%20sprout
butter devonda,2,1,6,8,https://www.coles.com.au/search?q=butter%20devonda
powerade zero,2,1,3,3,https://www.coles.com.au/search?q=powerade%20zero
paracetamol caplets,2,1,8,2,https://www.coles.com.au/search?q=paracetamol%20caplets
arnotts granitas,2,1,1,0,https://www.coles.com.au/search?q=arnotts%20granitas
always olives,2,1,22,23,https://www.coles.com.au/search?q=always%20olives
onion oil,2,1,1,3,https://www.coles.com.au/search?q=onion%20oil
decor glass,2,1,6,18,https://www.coles.com.au/search?q=decor%20glass
masterfood marinades,2,1,5,0,https://www.coles.com.au/search?q=masterfood%20marinades
peas coles,2,1,18,2,https://www.coles.com.au/search?q=peas%20coles
aoli,1,1,1,18,https://www.coles.com.au/search?q=aoli
curry rice,2,1,15,0,https://www.coles.com.au/search?q=curry%20rice
apple scroll,2,1,14,0,https://www.coles.com.au/search?q=apple%20scroll
minced pie,2,1,2,1,https://www.coles.com.au/search?q=minced%20pie
tweezer,1,1,5,5,https://www.coles.com.au/search?q=tweezer
slaw,1,1,11,2,https://www.coles.com.au/search?q=slaw
self raisif,2,1,14,0,https://www.coles.com.au/search?q=self%20raisif
arnott raspberry,2,1,5,2,https://www.coles.com.au/search?q=arnott%20raspberry
milkshake,1,1,4,75,https://www.coles.com.au/search?q=milkshake
bub organic,2,1,5,4,https://www.coles.com.au/search?q=bub%20organic
carrots baby,2,1,25,17,https://www.coles.com.au/search?q=carrots%20baby
lambs shanks,2,1,9,6,https://www.coles.com.au/search?q=lambs%20shanks
parmesan dip,2,1,1,2,https://www.coles.com.au/search?q=parmesan%20dip
pork meal,2,1,25,25,https://www.coles.com.au/search?q=pork%20meal
seasoning chicken,2,1,15,93,https://www.coles.com.au/search?q=seasoning%20chicken
toddler,2,1,50,0,https://www.coles.com.au/search?q=toddler
chicken shreded,2,1,11,6,https://www.coles.com.au/search?q=chicken%20shreded
handy andy,2,1,1,2,https://www.coles.com.au/search?q=handy%20andy
bake powder,2,1,10,11,https://www.coles.com.au/search?q=bake%20powder
cashmere vanilla,2,1,21,5,https://www.coles.com.au/search?q=cashmere%20vanilla
maccona latte,2,1,5,0,https://www.coles.com.au/search?q=maccona%20latte
hair gummies,2,1,5,5,https://www.coles.com.au/search?q=hair%20gummies
roast caps,2,1,2,0,https://www.coles.com.au/search?q=roast%20caps
chocolate melts,2,1,8,8,https://www.coles.com.au/search?q=chocolate%20melts
omo capsul,2,1,11,11,https://www.coles.com.au/search?q=omo%20capsul
bites weetbix,2,1,122,3,https://www.coles.com.au/search?q=bites%20weetbix
batchelors,1,1,2,0,https://www.coles.com.au/search?q=batchelors
aerogard odourless,2,1,4,3,https://www.coles.com.au/search?q=aerogard%20odourless
garnier nutriss,2,1,23,10,https://www.coles.com.au/search?q=garnier%20nutriss
shredded cereal,2,1,53,1,https://www.coles.com.au/search?q=shredded%20cereal
cub walker,2,1,12,6,https://www.coles.com.au/search?q=cub%20walker
sesame crackers,2,1,8,12,https://www.coles.com.au/search?q=sesame%20crackers
mexican masterfoods,2,1,2,2,https://www.coles.com.au/search?q=mexican%20masterfoods
floor earth,2,1,2,5,https://www.coles.com.au/search?q=floor%20earth
oreos cream,2,1,18,9,https://www.coles.com.au/search?q=oreos%20cream
marion thai,2,1,6,6,https://www.coles.com.au/search?q=marion%20thai
yoghurt flip,2,1,6,0,https://www.coles.com.au/search?q=yoghurt%20flip
dishwasher wash,2,1,7,0,https://www.coles.com.au/search?q=dishwasher%20wash
mushrooms shitake,2,1,4,7,https://www.coles.com.au/search?q=mushrooms%20shitake
bellamy apple,2,1,5,2,https://www.coles.com.au/search?q=bellamy%20apple
automatic indoor,2,1,39,ï»¿,https://www.coles.com.au/search?q=automatic%20indoor
avent bottles,2,1,2,7,https://www.coles.com.au/search?q=avent%20bottles
pilates ring,2,1,25,2,https://www.coles.com.au/search?q=pilates%20ring
centrum men,2,1,2,2,https://www.coles.com.au/search?q=centrum%20men
beef booster,2,1,168,1,https://www.coles.com.au/search?q=beef%20booster
weebix,1,1,0,17,https://www.coles.com.au/search?q=weebix
moccona classics,2,1,19,8,https://www.coles.com.au/search?q=moccona%20classics
vital whey,2,1,37,0,https://www.coles.com.au/search?q=vital%20whey
spelt wholemeal,2,1,3,6,https://www.coles.com.au/search?q=spelt%20wholemeal
masterfood,1,1,172,0,https://www.coles.com.au/search?q=masterfood
womens shaving,2,1,87,7,https://www.coles.com.au/search?q=womens%20shaving
milk uht,2,1,25,0,https://www.coles.com.au/search?q=milk%20uht
box juice,2,1,5,49,https://www.coles.com.au/search?q=box%20juice
straightening brush,2,1,1,4,https://www.coles.com.au/search?q=straightening%20brush
grill rub,2,1,3,8,https://www.coles.com.au/search?q=grill%20rub
patak tandoori,2,1,2,3,https://www.coles.com.au/search?q=patak%20tandoori
biscuit premium,2,1,18,4,https://www.coles.com.au/search?q=biscuit%20premium
treat bags,2,1,22,12,https://www.coles.com.au/search?q=treat%20bags
regular tortillas,2,1,3,37,https://www.coles.com.au/search?q=regular%20tortillas
frozen veggies,2,1,628,5,https://www.coles.com.au/search?q=frozen%20veggies
philadelphia tub,2,1,2,5,https://www.coles.com.au/search?q=philadelphia%20tub
disinfectant bleach,2,1,6,85,https://www.coles.com.au/search?q=disinfectant%20bleach
almonds ground,2,1,0,184,https://www.coles.com.au/search?q=almonds%20ground
large shell,2,1,5,2,https://www.coles.com.au/search?q=large%20shell
lindt chocol,2,1,57,77,https://www.coles.com.au/search?q=lindt%20chocol
potato loos,2,1,5,1,https://www.coles.com.au/search?q=potato%20loos
rolls brioche,2,1,8,1,https://www.coles.com.au/search?q=rolls%20brioche
rice sugar,2,1,3,1,https://www.coles.com.au/search?q=rice%20sugar
rexona women,2,1,28,0,https://www.coles.com.au/search?q=rexona%20women
milk formular,2,1,21,31,https://www.coles.com.au/search?q=milk%20formular
dried coco,2,1,6,0,https://www.coles.com.au/search?q=dried%20coco
rice wild,2,1,4,5,https://www.coles.com.au/search?q=rice%20wild
coffee filter,2,1,2,2,https://www.coles.com.au/search?q=coffee%20filter
fruit snack,2,1,156,0,https://www.coles.com.au/search?q=fruit%20snack
bathroom ajax,2,1,2,3,https://www.coles.com.au/search?q=bathroom%20ajax
smokey bbq,2,1,11,18,https://www.coles.com.au/search?q=smokey%20bbq
hazelnut flour,2,1,3,8,https://www.coles.com.au/search?q=hazelnut%20flour
bean heinz,2,1,32,0,https://www.coles.com.au/search?q=bean%20heinz
salmon froz,2,1,1,7,https://www.coles.com.au/search?q=salmon%20froz
weatbix kids,2,1,1,1,https://www.coles.com.au/search?q=weatbix%20kids
frozen bolognase,2,1,1,14,https://www.coles.com.au/search?q=frozen%20bolognase
colgate freshmint,2,1,3,3,https://www.coles.com.au/search?q=colgate%20freshmint
milk thermometer,2,1,5,716,https://www.coles.com.au/search?q=milk%20thermometer
fly paper,2,1,5,269,https://www.coles.com.au/search?q=fly%20paper
nando rub,2,1,3,3,https://www.coles.com.au/search?q=nando%20rub
vege twists,2,1,16,1,https://www.coles.com.au/search?q=vege%20twists
cottonbuds,1,1,12,2,https://www.coles.com.au/search?q=cottonbuds
arnotts bisciuts,2,1,120,120,https://www.coles.com.au/search?q=arnotts%20bisciuts
sunbeam sultana,2,1,8,10,https://www.coles.com.au/search?q=sunbeam%20sultana
portugese tart,2,1,0,1,https://www.coles.com.au/search?q=portugese%20tart
chicken loaf,2,1,1,10,https://www.coles.com.au/search?q=chicken%20loaf
creamy classic,2,1,24,0,https://www.coles.com.au/search?q=creamy%20classic
cans v,2,1,"1,329",5,https://www.coles.com.au/search?q=cans%20v
kirks sugarfree,2,1,5,2,https://www.coles.com.au/search?q=kirks%20sugarfree
custard choc,2,1,10,9,https://www.coles.com.au/search?q=custard%20choc
men deoderant,2,1,303,111,https://www.coles.com.au/search?q=men%20deoderant
kids greek,2,1,7,7,https://www.coles.com.au/search?q=kids%20greek
beef rub,2,1,2,2,https://www.coles.com.au/search?q=beef%20rub
daawat,1,1,2,1,https://www.coles.com.au/search?q=daawat
dimsim,1,1,10,12,https://www.coles.com.au/search?q=dimsim
formula nan,2,1,12,7,https://www.coles.com.au/search?q=formula%20nan
fruits fruit,2,1,"1,047",12,https://www.coles.com.au/search?q=fruits%20fruit
soygood,1,1,6,20,https://www.coles.com.au/search?q=soygood
scotch bis,2,1,7,77,https://www.coles.com.au/search?q=scotch%20bis
parsley thyme,2,1,31,1,https://www.coles.com.au/search?q=parsley%20thyme
cornflours,1,1,2,3,https://www.coles.com.au/search?q=cornflours
ant kill,2,1,2,2,https://www.coles.com.au/search?q=ant%20kill
zinc,2,1,27,45,https://www.coles.com.au/search?q=zinc
pickle coles,2,1,21,190,https://www.coles.com.au/search?q=pickle%20coles
parsons,1,1,3,4,https://www.coles.com.au/search?q=parsons
wasabi kewpie,2,1,1,1,https://www.coles.com.au/search?q=wasabi%20kewpie
breeders choice,2,1,5,5,https://www.coles.com.au/search?q=breeders%20choice
fish capsule,2,1,15,0,https://www.coles.com.au/search?q=fish%20capsule
mayonnaise whol,2,1,14,0,https://www.coles.com.au/search?q=mayonnaise%20whol
microfibe,1,1,20,260,https://www.coles.com.au/search?q=microfibe
kelloggs crum,2,1,1,1,https://www.coles.com.au/search?q=kelloggs%20crum
lime yoghurt,2,1,5,2,https://www.coles.com.au/search?q=lime%20yoghurt
beauty sponge,2,1,65,20,https://www.coles.com.au/search?q=beauty%20sponge
italiano bakes,2,1,2,2,https://www.coles.com.au/search?q=italiano%20bakes
aeroplane lime,2,1,3,2,https://www.coles.com.au/search?q=aeroplane%20lime
buns brioche,2,1,8,5,https://www.coles.com.au/search?q=buns%20brioche
champinins,1,1,0,2,https://www.coles.com.au/search?q=champinins
spirits,1,1,439,0,https://www.coles.com.au/search?q=spirits
tri capsicum,2,1,1,0,https://www.coles.com.au/search?q=tri%20capsicum
ice pack,2,1,166,234,https://www.coles.com.au/search?q=ice%20pack
sweetbread,1,1,0,2,https://www.coles.com.au/search?q=sweetbread
optimum healthy,2,1,114,2,https://www.coles.com.au/search?q=optimum%20healthy
bathing towel,2,1,1,450,https://www.coles.com.au/search?q=bathing%20towel
magnum white,2,1,4,2,https://www.coles.com.au/search?q=magnum%20white
musli bars,2,1,505,207,https://www.coles.com.au/search?q=musli%20bars
banana crisps,2,1,7,2,https://www.coles.com.au/search?q=banana%20crisps
nivea cleansing,2,1,14,0,https://www.coles.com.au/search?q=nivea%20cleansing
neutrogena suns,2,1,6,7,https://www.coles.com.au/search?q=neutrogena%20suns
wraps simsons,2,1,23,5,https://www.coles.com.au/search?q=wraps%20simsons
pea snack,2,1,20,0,https://www.coles.com.au/search?q=pea%20snack
falsies,1,1,5,7,https://www.coles.com.au/search?q=falsies
ipa,1,1,26,24,https://www.coles.com.au/search?q=ipa
chicken fried,2,1,16,0,https://www.coles.com.au/search?q=chicken%20fried
kikkoma,1,1,9,0,https://www.coles.com.au/search?q=kikkoma
original bbq,2,1,7,7,https://www.coles.com.au/search?q=original%20bbq
auntie kaths,2,1,3,1,https://www.coles.com.au/search?q=auntie%20kaths
mushroom chips,2,1,4,1,https://www.coles.com.au/search?q=mushroom%20chips
smoke cheese,2,1,13,9,https://www.coles.com.au/search?q=smoke%20cheese
bosistos bathroom,2,1,1,1,https://www.coles.com.au/search?q=bosistos%20bathroom
coles peanutbutter,2,1,32,0,https://www.coles.com.au/search?q=coles%20peanutbutter
rockmelon half,2,1,1,1,https://www.coles.com.au/search?q=rockmelon%20half
natural lollies,2,1,8,0,https://www.coles.com.au/search?q=natural%20lollies
cheddar dairy,2,1,98,43,https://www.coles.com.au/search?q=cheddar%20dairy
chilli dry,2,1,13,5,https://www.coles.com.au/search?q=chilli%20dry
greek yogu,2,1,33,0,https://www.coles.com.au/search?q=greek%20yogu
coffee milk,2,1,45,0,https://www.coles.com.au/search?q=coffee%20milk
light cheese,2,1,22,21,https://www.coles.com.au/search?q=light%20cheese
herbs italian,2,1,10,17,https://www.coles.com.au/search?q=herbs%20italian
goats soap,2,1,8,11,https://www.coles.com.au/search?q=goats%20soap
farmer pork,2,1,9,2,https://www.coles.com.au/search?q=farmer%20pork
froze fish,2,1,38,0,https://www.coles.com.au/search?q=froze%20fish
glass noodle,2,1,1,0,https://www.coles.com.au/search?q=glass%20noodle
masterfood marinade,2,1,5,18,https://www.coles.com.au/search?q=masterfood%20marinade
pitted pruned,2,1,12,9,https://www.coles.com.au/search?q=pitted%20pruned
baked smiths,2,1,4,4,https://www.coles.com.au/search?q=baked%20smiths
stroganoff sauce,2,1,3,2,https://www.coles.com.au/search?q=stroganoff%20sauce
pureharvest muesli,2,1,40,364,https://www.coles.com.au/search?q=pureharvest%20muesli
mixed grill,2,1,3,4,https://www.coles.com.au/search?q=mixed%20grill
washing spray,2,1,9,522,https://www.coles.com.au/search?q=washing%20spray
carmans protein,2,1,16,14,https://www.coles.com.au/search?q=carmans%20protein
laundry,1,1,308,0,https://www.coles.com.au/search?q=laundry
irrewarra,1,1,3,7,https://www.coles.com.au/search?q=irrewarra
soy coffee,2,1,50,3,https://www.coles.com.au/search?q=soy%20coffee
abbots village,2,1,2,1,https://www.coles.com.au/search?q=abbots%20village
coles migoreng,2,1,3,0,https://www.coles.com.au/search?q=coles%20migoreng
garlic,2,1,235,94,https://www.coles.com.au/search?q=garlic
meal replacement,2,1,15,16,https://www.coles.com.au/search?q=meal%20replacement
appl sauce,2,1,4,5,https://www.coles.com.au/search?q=appl%20sauce
arnott cookies,2,1,443,3,https://www.coles.com.au/search?q=arnott%20cookies
ostelin tablets,2,1,4,4,https://www.coles.com.au/search?q=ostelin%20tablets
mckenzie tapioca,2,1,1,2,https://www.coles.com.au/search?q=mckenzie%20tapioca
lice lotion,2,1,1,0,https://www.coles.com.au/search?q=lice%20lotion
vegan schnitzels,2,1,1,5,https://www.coles.com.au/search?q=vegan%20schnitzels
huggies unisex,2,1,7,1,https://www.coles.com.au/search?q=huggies%20unisex
cat chicken,2,1,94,0,https://www.coles.com.au/search?q=cat%20chicken
sushi roll,2,1,0,1,https://www.coles.com.au/search?q=sushi%20roll
broccolli,1,1,2,23,https://www.coles.com.au/search?q=broccolli
angus burgers,2,1,25,2,https://www.coles.com.au/search?q=angus%20burgers
pants nappies,2,1,47,0,https://www.coles.com.au/search?q=pants%20nappies
split lentil,2,1,5,2,https://www.coles.com.au/search?q=split%20lentil
sizzle beef,2,1,3,1,https://www.coles.com.au/search?q=sizzle%20beef
veggs,1,1,0,252,https://www.coles.com.au/search?q=veggs
dried soup,2,1,19,0,https://www.coles.com.au/search?q=dried%20soup
crushed garli,2,1,2,4,https://www.coles.com.au/search?q=crushed%20garli
stock miso,2,1,10,1,https://www.coles.com.au/search?q=stock%20miso
irresistable chocolate,2,1,51,1302,https://www.coles.com.au/search?q=irresistable%20chocolate
dried garlic,2,1,1,1,https://www.coles.com.au/search?q=dried%20garlic
pak choy,2,1,2,2,https://www.coles.com.au/search?q=pak%20choy
organic only,2,1,120,34,https://www.coles.com.au/search?q=organic%20only
apple loose,2,1,10,1,https://www.coles.com.au/search?q=apple%20loose
mixed beans,2,1,15,6,https://www.coles.com.au/search?q=mixed%20beans
epsom salt,2,1,3,4,https://www.coles.com.au/search?q=epsom%20salt
nibble wings,2,1,3,1,https://www.coles.com.au/search?q=nibble%20wings
garlic marinade,2,1,8,12,https://www.coles.com.au/search?q=garlic%20marinade
choc oreos,2,1,4,0,https://www.coles.com.au/search?q=choc%20oreos
kitchen gadgets,2,1,65,52,https://www.coles.com.au/search?q=kitchen%20gadgets
cake topping,2,1,70,3,https://www.coles.com.au/search?q=cake%20topping
bsc salted,2,1,3,2,https://www.coles.com.au/search?q=bsc%20salted
lozeng,1,1,63,79,https://www.coles.com.au/search?q=lozeng
triple butter,2,1,3,12,https://www.coles.com.au/search?q=triple%20butter
dog salmon,2,1,15,7,https://www.coles.com.au/search?q=dog%20salmon
tasty slice,2,1,24,15,https://www.coles.com.au/search?q=tasty%20slice
cushion,1,1,9,634,https://www.coles.com.au/search?q=cushion
arnott choc,2,1,12,8,https://www.coles.com.au/search?q=arnott%20choc
chocolate pops,2,1,9,9,https://www.coles.com.au/search?q=chocolate%20pops
arnotts mont,2,1,2,5,https://www.coles.com.au/search?q=arnotts%20mont
instant patato,2,1,2,9,https://www.coles.com.au/search?q=instant%20patato
vodaphone,1,1,5,0,https://www.coles.com.au/search?q=vodaphone
mirror,1,1,4,187,https://www.coles.com.au/search?q=mirror
macro bread,2,1,1,2,https://www.coles.com.au/search?q=macro%20bread
coles cornflak,2,1,2,0,https://www.coles.com.au/search?q=coles%20cornflak
vaginal wash,2,1,12,1307,https://www.coles.com.au/search?q=vaginal%20wash
chocolate prinkle,2,1,1,1,https://www.coles.com.au/search?q=chocolate%20prinkle
nair cream,2,1,4,3,https://www.coles.com.au/search?q=nair%20cream
mayo whole,2,1,7,2,https://www.coles.com.au/search?q=mayo%20whole
soup instant,2,1,18,116,https://www.coles.com.au/search?q=soup%20instant
yoghurt natura,2,1,68,98,https://www.coles.com.au/search?q=yoghurt%20natura
sockette,1,1,2,1,https://www.coles.com.au/search?q=sockette
chip potato,2,1,99,0,https://www.coles.com.au/search?q=chip%20potato
coles pastel,2,1,5,57,https://www.coles.com.au/search?q=coles%20pastel
mince meals,2,1,40,4,https://www.coles.com.au/search?q=mince%20meals
lemongrass lime,2,1,3,9,https://www.coles.com.au/search?q=lemongrass%20lime
nature pulses,2,1,4,4,https://www.coles.com.au/search?q=nature%20pulses
ginger cake,2,1,2,0,https://www.coles.com.au/search?q=ginger%20cake
mortein indoor,2,1,4,1,https://www.coles.com.au/search?q=mortein%20indoor
pineapple juic,2,1,37,37,https://www.coles.com.au/search?q=pineapple%20juic
plated meals,2,1,17,32,https://www.coles.com.au/search?q=plated%20meals
edgell cap,2,1,2,44,https://www.coles.com.au/search?q=edgell%20cap
farmhouse mil,2,1,4,16,https://www.coles.com.au/search?q=farmhouse%20mil
ultra gel,2,1,6,9,https://www.coles.com.au/search?q=ultra%20gel
mushroom portabella,2,1,0,38,https://www.coles.com.au/search?q=mushroom%20portabella
vitamine juice,2,1,2,2,https://www.coles.com.au/search?q=vitamine%20juice
pie cheese,2,1,6,6,https://www.coles.com.au/search?q=pie%20cheese
mums tomato,2,1,1,96,https://www.coles.com.au/search?q=mums%20tomato
betadine gargles,2,1,2,2,https://www.coles.com.au/search?q=betadine%20gargles
water infusions,2,1,155,0,https://www.coles.com.au/search?q=water%20infusions
digestive bis,2,1,11,15,https://www.coles.com.au/search?q=digestive%20bis
garland figs,2,1,1,43,https://www.coles.com.au/search?q=garland%20figs
stone bread,2,1,27,7,https://www.coles.com.au/search?q=stone%20bread
nestle milkybar,2,1,9,9,https://www.coles.com.au/search?q=nestle%20milkybar
instant cup,2,1,40,0,https://www.coles.com.au/search?q=instant%20cup
nba cards,2,1,1,96,https://www.coles.com.au/search?q=nba%20cards
ajax kitchen,2,1,2,4,https://www.coles.com.au/search?q=ajax%20kitchen
sweet honey,2,1,50,9,https://www.coles.com.au/search?q=sweet%20honey
hengshun chinkiang,2,1,1,1,https://www.coles.com.au/search?q=hengshun%20chinkiang
raffertys sticks,2,1,4,0,https://www.coles.com.au/search?q=raffertys%20sticks
biscuits finger,2,1,12,16,https://www.coles.com.au/search?q=biscuits%20finger
muffins tray,2,1,2,13,https://www.coles.com.au/search?q=muffins%20tray
garden coriander,2,1,2,2,https://www.coles.com.au/search?q=garden%20coriander
pizza mix,2,1,80,3,https://www.coles.com.au/search?q=pizza%20mix
juice healthy,2,1,3,4,https://www.coles.com.au/search?q=juice%20healthy
poptarts,1,1,1,4,https://www.coles.com.au/search?q=poptarts
icecream caramel,2,1,50,42,https://www.coles.com.au/search?q=icecream%20caramel
sorbolene,1,1,4,0,https://www.coles.com.au/search?q=sorbolene
worcestershire sauce,2,1,5,6,https://www.coles.com.au/search?q=worcestershire%20sauce
loreal plum,2,1,2,1,https://www.coles.com.au/search?q=loreal%20plum
onion shallot,2,1,1,15,https://www.coles.com.au/search?q=onion%20shallot
parmeson cheese,2,1,22,46,https://www.coles.com.au/search?q=parmeson%20cheese
carrot coles,2,1,22,30,https://www.coles.com.au/search?q=carrot%20coles
cottee strawberry,2,1,1,1,https://www.coles.com.au/search?q=cottee%20strawberry
chili salami,2,1,2,1,https://www.coles.com.au/search?q=chili%20salami
soy crackers,2,1,6,8,https://www.coles.com.au/search?q=soy%20crackers
baby powd,2,1,101,226,https://www.coles.com.au/search?q=baby%20powd
dark tan,2,1,9,17,https://www.coles.com.au/search?q=dark%20tan
white potato,2,1,2,4,https://www.coles.com.au/search?q=white%20potato
moutain dew,2,1,5,3,https://www.coles.com.au/search?q=moutain%20dew
bundaberg passionfruit,2,1,2,2,https://www.coles.com.au/search?q=bundaberg%20passionfruit
wedges potato,2,1,2,60,https://www.coles.com.au/search?q=wedges%20potato
sausage base,2,1,46,17,https://www.coles.com.au/search?q=sausage%20base
dark kitkat,2,1,5,3,https://www.coles.com.au/search?q=dark%20kitkat
pear fruit,2,1,43,0,https://www.coles.com.au/search?q=pear%20fruit
onions,2,1,143,30,https://www.coles.com.au/search?q=onions
syurp,1,1,2,89,https://www.coles.com.au/search?q=syurp
diet lime,2,1,6,13,https://www.coles.com.au/search?q=diet%20lime
tin pea,2,1,23,84,https://www.coles.com.au/search?q=tin%20pea
chocolate syr,2,1,"1,020",227,https://www.coles.com.au/search?q=chocolate%20syr
v power,2,1,2,8,https://www.coles.com.au/search?q=v%20power
food pack,2,1,192,1098,https://www.coles.com.au/search?q=food%20pack
bicarbonate,1,1,4,1,https://www.coles.com.au/search?q=bicarbonate
el paso chicken,3,2,2,2,https://www.coles.com.au/search?q=el%20paso%20chicken
colgate total advanced,3,2,6,6,https://www.coles.com.au/search?q=colgate%20total%20advanced
nice and natu,3,2,24,0,https://www.coles.com.au/search?q=nice%20and%20natu
natures way slimming,3,2,104,2,https://www.coles.com.au/search?q=natures%20way%20slimming
stir fry maggi,3,2,6,3,https://www.coles.com.au/search?q=stir%20fry%20maggi
bakery cream filled,3,2,8,1,https://www.coles.com.au/search?q=bakery%20cream%20filled
organic brown onions,3,2,1,1,https://www.coles.com.au/search?q=organic%20brown%20onions
duracell coppertop batteries,3,2,15,499,https://www.coles.com.au/search?q=duracell%20coppertop%20batteries
maggie beers pate,3,2,10,10,https://www.coles.com.au/search?q=maggie%20beers%20pate
air wick oil,3,2,89,5,https://www.coles.com.au/search?q=air%20wick%20oil
dove sensitive shield,3,2,2,3,https://www.coles.com.au/search?q=dove%20sensitive%20shield
devondale cheese block,3,2,64,3,https://www.coles.com.au/search?q=devondale%20cheese%20block
arnott teddy bear,3,2,2,2,https://www.coles.com.au/search?q=arnott%20teddy%20bear
cheddar and crackers,3,2,25,20,https://www.coles.com.au/search?q=cheddar%20and%20crackers
red tractor paleo,3,2,33,1562,https://www.coles.com.au/search?q=red%20tractor%20paleo
brown sugar cinnamon,3,2,2,2,https://www.coles.com.au/search?q=brown%20sugar%20cinnamon
happy birthdays cakes,3,2,13,5,https://www.coles.com.au/search?q=happy%20birthdays%20cakes
twinings pure camomile,3,2,2,2,https://www.coles.com.au/search?q=twinings%20pure%20camomile
white fondant icing,3,2,15,1,https://www.coles.com.au/search?q=white%20fondant%20icing
chocolate chip cooki,3,2,60,11,https://www.coles.com.au/search?q=chocolate%20chip%20cooki
laundry liquid surf,3,2,6,6,https://www.coles.com.au/search?q=laundry%20liquid%20surf
anzac gluten free,3,2,313,0,https://www.coles.com.au/search?q=anzac%20gluten%20free
coles breast chicken,3,2,28,60,https://www.coles.com.au/search?q=coles%20breast%20chicken
dairy milk cho,3,2,50,4,https://www.coles.com.au/search?q=dairy%20milk%20cho
taco seasoning mix,3,2,6,3,https://www.coles.com.au/search?q=taco%20seasoning%20mix
soy ginger tuna,3,2,1,1,https://www.coles.com.au/search?q=soy%20ginger%20tuna
zip lock,3,2,14,34,https://www.coles.com.au/search?q=zip%20lock
oyster in oil,3,2,4,2,https://www.coles.com.au/search?q=oyster%20in%20oil
dulce de leche,3,2,3,1,https://www.coles.com.au/search?q=dulce%20de%20leche
plant based meat,3,2,15,15,https://www.coles.com.au/search?q=plant%20based%20meat
frizz ease shampoo,3,2,12,8,https://www.coles.com.au/search?q=frizz%20ease%20shampoo
mini almond classic,3,2,2,4,https://www.coles.com.au/search?q=mini%20almond%20classic
coles nature sweet,3,2,129,6,https://www.coles.com.au/search?q=coles%20nature%20sweet
blue coles cheese,3,2,6,20,https://www.coles.com.au/search?q=blue%20coles%20cheese
corn chips doritos,3,2,11,8,https://www.coles.com.au/search?q=corn%20chips%20doritos
snacks for kids,3,2,98,259,https://www.coles.com.au/search?q=snacks%20for%20kids
coles organic drinking,3,2,1,32,https://www.coles.com.au/search?q=coles%20organic%20drinking
coles spudlite potatoes,3,2,53,2,https://www.coles.com.au/search?q=coles%20spudlite%20potatoes
bacon and leek,3,2,2,2,https://www.coles.com.au/search?q=bacon%20and%20leek
foster clark cust,3,2,3,0,https://www.coles.com.au/search?q=foster%20clark%20cust
tangerine bubble bath,3,2,9,1,https://www.coles.com.au/search?q=tangerine%20bubble%20bath
coconut hair oil,3,2,55,14,https://www.coles.com.au/search?q=coconut%20hair%20oil
canned baby carrots,3,2,25,1,https://www.coles.com.au/search?q=canned%20baby%20carrots
men multi vitamins,3,2,14,12,https://www.coles.com.au/search?q=men%20multi%20vitamins
coles sour cream,3,2,5,0,https://www.coles.com.au/search?q=coles%20sour%20cream
stainless steel wipe,3,2,1,4,https://www.coles.com.au/search?q=stainless%20steel%20wipe
glutenfree pancake mix,3,2,8,3,https://www.coles.com.au/search?q=glutenfree%20pancake%20mix
smash drink bottle,3,2,143,285,https://www.coles.com.au/search?q=smash%20drink%20bottle
gluten free cross,3,2,212,3,https://www.coles.com.au/search?q=gluten%20free%20cross
nature valley cocoa,3,2,14,0,https://www.coles.com.au/search?q=nature%20valley%20cocoa
fruit salad pack,3,2,7,0,https://www.coles.com.au/search?q=fruit%20salad%20pack
napolitana pasta sauce,3,2,2,1,https://www.coles.com.au/search?q=napolitana%20pasta%20sauce
uncle toby choc,3,2,7,8,https://www.coles.com.au/search?q=uncle%20toby%20choc
mini avo dip,3,2,6,0,https://www.coles.com.au/search?q=mini%20avo%20dip
cheese for crackers,3,2,82,60,https://www.coles.com.au/search?q=cheese%20for%20crackers
sliced bamboo shoots,3,2,1,1,https://www.coles.com.au/search?q=sliced%20bamboo%20shoots
vegie delights nut,3,2,8,1,https://www.coles.com.au/search?q=vegie%20delights%20nut
latina veal tortellini,3,2,2,0,https://www.coles.com.au/search?q=latina%20veal%20tortellini
milk strawberry flavoured,3,2,13,0,https://www.coles.com.au/search?q=milk%20strawberry%20flavoured
coles honey sausages,3,2,85,2,https://www.coles.com.au/search?q=coles%20honey%20sausages
whiskas so fishy,3,2,2,2,https://www.coles.com.au/search?q=whiskas%20so%20fishy
brown and wild,3,2,1,2,https://www.coles.com.au/search?q=brown%20and%20wild
mango and vanilla,3,2,3,2,https://www.coles.com.au/search?q=mango%20and%20vanilla
bushells extra stro,3,2,2,2,https://www.coles.com.au/search?q=bushells%20extra%20stro
huggies wipes wipes,3,2,10,10,https://www.coles.com.au/search?q=huggies%20wipes%20wipes
gravox gravy chicken,3,2,3,4,https://www.coles.com.au/search?q=gravox%20gravy%20chicken
tin whole beetroot,3,2,4,1,https://www.coles.com.au/search?q=tin%20whole%20beetroot
perfect italiano ric,3,2,18,18,https://www.coles.com.au/search?q=perfect%20italiano%20ric
nivea lip b,3,2,6,413,https://www.coles.com.au/search?q=nivea%20lip%20b
souvlaki and pizza,3,2,1,1,https://www.coles.com.au/search?q=souvlaki%20and%20pizza
kan tong peanut,3,2,1,1,https://www.coles.com.au/search?q=kan%20tong%20peanut
chicken gravy mix,3,2,6,5,https://www.coles.com.au/search?q=chicken%20gravy%20mix
coles ikin billis,3,2,1,1,https://www.coles.com.au/search?q=coles%20ikin%20billis
hand cream nivea,3,2,3,5,https://www.coles.com.au/search?q=hand%20cream%20nivea
john west oven,3,2,82,1,https://www.coles.com.au/search?q=john%20west%20oven
party pies sausage,3,2,10,6,https://www.coles.com.au/search?q=party%20pies%20sausage
brown rice basmati,3,2,2,4,https://www.coles.com.au/search?q=brown%20rice%20basmati
peanut butter unsa,3,2,117,0,https://www.coles.com.au/search?q=peanut%20butter%20unsa
lay potato chips,3,2,99,11,https://www.coles.com.au/search?q=lay%20potato%20chips
heinz garlic aioli,3,2,6,3,https://www.coles.com.au/search?q=heinz%20garlic%20aioli
soft drink lemonade,3,2,30,0,https://www.coles.com.au/search?q=soft%20drink%20lemonade
kitchen tikka masala,3,2,10,0,https://www.coles.com.au/search?q=kitchen%20tikka%20masala
schweppes raspberry l,3,2,7,3,https://www.coles.com.au/search?q=schweppes%20raspberry%20l
john west salm,3,2,82,1,https://www.coles.com.au/search?q=john%20west%20salm
light philadelphia cheese,3,2,4,3,https://www.coles.com.au/search?q=light%20philadelphia%20cheese
uncle tobys berry,3,2,7,4,https://www.coles.com.au/search?q=uncle%20tobys%20berry
chicken breasts,3,2,650,60,https://www.coles.com.au/search?q=chicken%20breasts
chicken breast small,3,2,7,1,https://www.coles.com.au/search?q=chicken%20breast%20small
pureharvest oat milk,3,2,1,2,https://www.coles.com.au/search?q=pureharvest%20oat%20milk
koi hand cream,3,2,3,69,https://www.coles.com.au/search?q=koi%20hand%20cream
frozen fish cakes,3,2,38,2,https://www.coles.com.au/search?q=frozen%20fish%20cakes
earth choice spray,3,2,7,1,https://www.coles.com.au/search?q=earth%20choice%20spray
bow tie pasta,3,2,2,1,https://www.coles.com.au/search?q=bow%20tie%20pasta
thick and creamy,3,2,16,0,https://www.coles.com.au/search?q=thick%20and%20creamy
coles topside roast,3,2,102,1,https://www.coles.com.au/search?q=coles%20topside%20roast
food colouring ge,3,2,9,3,https://www.coles.com.au/search?q=food%20colouring%20ge
stainless steel scourer,3,2,36,4,https://www.coles.com.au/search?q=stainless%20steel%20scourer
gluten free baked,3,2,97,450,https://www.coles.com.au/search?q=gluten%20free%20baked
marzena hair removal,3,2,1,3,https://www.coles.com.au/search?q=marzena%20hair%20removal
kan tong green,3,2,2,1,https://www.coles.com.au/search?q=kan%20tong%20green
vitamins natures way,3,2,88,76,https://www.coles.com.au/search?q=vitamins%20natures%20way
devondale longlife milk,3,2,16,10,https://www.coles.com.au/search?q=devondale%20longlife%20milk
drumsticks ice cream,3,2,15,12,https://www.coles.com.au/search?q=drumsticks%20ice%20cream
ayam coconut cream,3,2,4,3,https://www.coles.com.au/search?q=ayam%20coconut%20cream
coles pasta sauc,3,2,85,655,https://www.coles.com.au/search?q=coles%20pasta%20sauc
earth window cleaner,3,2,17,1,https://www.coles.com.au/search?q=earth%20window%20cleaner
revitalift filler serum,3,2,3,2,https://www.coles.com.au/search?q=revitalift%20filler%20serum
optimum adult g,3,2,31,16,https://www.coles.com.au/search?q=optimum%20adult%20g
frozen diced mango,3,2,11,1,https://www.coles.com.au/search?q=frozen%20diced%20mango
finish dishwasher powder,3,2,31,0,https://www.coles.com.au/search?q=finish%20dishwasher%20powder
masterfoods american mus,3,2,185,2,https://www.coles.com.au/search?q=masterfoods%20american%20mus
coles tuna smoke,3,2,3,3,https://www.coles.com.au/search?q=coles%20tuna%20smoke
non alcoholic beer,3,2,22,25,https://www.coles.com.au/search?q=non%20alcoholic%20beer
coffee ground lavazza,3,2,45,6,https://www.coles.com.au/search?q=coffee%20ground%20lavazza
fairy dishwashing tablet,3,2,15,6,https://www.coles.com.au/search?q=fairy%20dishwashing%20tablet
strawberry flavored milk,3,2,30,10,https://www.coles.com.au/search?q=strawberry%20flavored%20milk
devondale salt reduced,3,2,41,1,https://www.coles.com.au/search?q=devondale%20salt%20reduced
cottees cordial lemon,3,2,12,2,https://www.coles.com.au/search?q=cottees%20cordial%20lemon
bird eye fries,3,2,97,6,https://www.coles.com.au/search?q=bird%20eye%20fries
green jasmine tea,3,2,2,3,https://www.coles.com.au/search?q=green%20jasmine%20tea
huggies size napp,3,2,78,42,https://www.coles.com.au/search?q=huggies%20size%20napp
kellogg rice bubbles,3,2,7,4,https://www.coles.com.au/search?q=kellogg%20rice%20bubbles
white paper cups,3,2,35,15,https://www.coles.com.au/search?q=white%20paper%20cups
tempura chicken nuggets,3,2,2,3,https://www.coles.com.au/search?q=tempura%20chicken%20nuggets
pizza cheese cheese,3,2,22,0,https://www.coles.com.au/search?q=pizza%20cheese%20cheese
kids bubble bath,3,2,9,7,https://www.coles.com.au/search?q=kids%20bubble%20bath
cream of soup,3,2,10,8,https://www.coles.com.au/search?q=cream%20of%20soup
apple blackberry pie,3,2,15,1,https://www.coles.com.au/search?q=apple%20blackberry%20pie
natures organic conditioner,3,2,8,5,https://www.coles.com.au/search?q=natures%20organic%20conditioner
white sugar 1kg,3,2,26,4,https://www.coles.com.au/search?q=white%20sugar%20kg
chocolate party bag,3,2,40,0,https://www.coles.com.au/search?q=chocolate%20party%20bag
roast chicken whole,3,2,41,2,https://www.coles.com.au/search?q=roast%20chicken%20whole
coles tissue facial,3,2,7,34,https://www.coles.com.au/search?q=coles%20tissue%20facial
carman nut bar,3,2,52,11,https://www.coles.com.au/search?q=carman%20nut%20bar
saltana bran flakes,3,2,4,1,https://www.coles.com.au/search?q=saltana%20bran%20flakes
frozen vegetables stir,3,2,17,4,https://www.coles.com.au/search?q=frozen%20vegetables%20stir
cocoa cola,3,2,43,39,https://www.coles.com.au/search?q=cocoa%20cola
tampons with applicator,3,2,4,2,https://www.coles.com.au/search?q=tampons%20with%20applicator
colgate soft toothbrushes,3,2,13,18,https://www.coles.com.au/search?q=colgate%20soft%20toothbrushes
chocolate milky way,3,2,11,2,https://www.coles.com.au/search?q=chocolate%20milky%20way
sirena tuna slice,3,2,4,2,https://www.coles.com.au/search?q=sirena%20tuna%20slice
coles frozen mango,3,2,2,0,https://www.coles.com.au/search?q=coles%20frozen%20mango
massell stock cubes,3,2,12,3,https://www.coles.com.au/search?q=massell%20stock%20cubes
coles pouch soup,3,2,13,37,https://www.coles.com.au/search?q=coles%20pouch%20soup
bond underwear men,3,2,12,28,https://www.coles.com.au/search?q=bond%20underwear%20men
vintage cheddar slices,3,2,9,10,https://www.coles.com.au/search?q=vintage%20cheddar%20slices
strawberry raspberry loganberry,3,2,4,1,https://www.coles.com.au/search?q=strawberry%20raspberry%20loganberry
grants with flouride,3,2,4,1,https://www.coles.com.au/search?q=grants%20with%20flouride
original cream cheese,3,2,8,10,https://www.coles.com.au/search?q=original%20cream%20cheese
beef free meat,3,2,38,9,https://www.coles.com.au/search?q=beef%20free%20meat
coffee moccona pack,3,2,24,21,https://www.coles.com.au/search?q=coffee%20moccona%20pack
fruit cup cord,3,2,30,0,https://www.coles.com.au/search?q=fruit%20cup%20cord
birds eye battered,3,2,5,7,https://www.coles.com.au/search?q=birds%20eye%20battered
pink lady loose,3,2,9,0,https://www.coles.com.au/search?q=pink%20lady%20loose
sunflower pumpkin seeds,3,2,22,0,https://www.coles.com.au/search?q=sunflower%20pumpkin%20seeds
semi permanent brown,3,2,31,43,https://www.coles.com.au/search?q=semi%20permanent%20brown
beef pies coles,3,2,5,0,https://www.coles.com.au/search?q=beef%20pies%20coles
freedom foods berr,3,2,16,11,https://www.coles.com.au/search?q=freedom%20foods%20berr
chicken deli schnitzel,3,2,39,9,https://www.coles.com.au/search?q=chicken%20deli%20schnitzel
tumeric and coconut,3,2,3,3,https://www.coles.com.au/search?q=tumeric%20and%20coconut
tonic water diet,3,2,1,1,https://www.coles.com.au/search?q=tonic%20water%20diet
egg and potato,3,2,6,2,https://www.coles.com.au/search?q=egg%20and%20potato
nivea deoderant roll,3,2,20,14,https://www.coles.com.au/search?q=nivea%20deoderant%20roll
minced garlic coles,3,2,24,3,https://www.coles.com.au/search?q=minced%20garlic%20coles
thins lite tangy,3,2,1,1,https://www.coles.com.au/search?q=thins%20lite%20tangy
orange mango coles,3,2,3,0,https://www.coles.com.au/search?q=orange%20mango%20coles
special breakfast cereal,3,2,122,8,https://www.coles.com.au/search?q=special%20breakfast%20cereal
always fresh mini,3,2,5,1,https://www.coles.com.au/search?q=always%20fresh%20mini
farmer union yogurt,3,2,7,17,https://www.coles.com.au/search?q=farmer%20union%20yogurt
peanut crunchy butter,3,2,109,34,https://www.coles.com.au/search?q=peanut%20crunchy%20butter
frozen orange juice,3,2,24,61,https://www.coles.com.au/search?q=frozen%20orange%20juice
weight watcher coc,3,2,5,11,https://www.coles.com.au/search?q=weight%20watcher%20coc
baby rice cereal,3,2,11,1,https://www.coles.com.au/search?q=baby%20rice%20cereal
baked beans sp,3,2,1,62,https://www.coles.com.au/search?q=baked%20beans%20sp
coles ham,3,2,77,107,https://www.coles.com.au/search?q=coles%20ham
coles southern thigh,3,2,1,1,https://www.coles.com.au/search?q=coles%20southern%20thigh
white melting chocolate,3,2,57,0,https://www.coles.com.au/search?q=white%20melting%20chocolate
thai jasmine rice,3,2,25,4,https://www.coles.com.au/search?q=thai%20jasmine%20rice
pasta large spiral,3,2,17,1,https://www.coles.com.au/search?q=pasta%20large%20spiral
my mums sause,3,2,4,1,https://www.coles.com.au/search?q=my%20mums%20sause
el paso stand,3,2,6,5,https://www.coles.com.au/search?q=el%20paso%20stand
atkins day break,3,2,0,6,https://www.coles.com.au/search?q=atkins%20day%20break
tinned salmon john,3,2,11,61,https://www.coles.com.au/search?q=tinned%20salmon%20john
salted caramel icecream,3,2,103,11,https://www.coles.com.au/search?q=salted%20caramel%20icecream
womens beauty products,3,2,257,442,https://www.coles.com.au/search?q=womens%20beauty%20products
mcvities berry biscuit,3,2,3,10,https://www.coles.com.au/search?q=mcvities%20berry%20biscuit
fairtrade coffee beans,3,2,43,9,https://www.coles.com.au/search?q=fairtrade%20coffee%20beans
mixed leaf mix,3,2,3,1,https://www.coles.com.au/search?q=mixed%20leaf%20mix
organic baby porridge,3,2,273,2,https://www.coles.com.au/search?q=organic%20baby%20porridge
uncle toby oat,3,2,35,29,https://www.coles.com.au/search?q=uncle%20toby%20oat
coles garbage bags,3,2,93,64,https://www.coles.com.au/search?q=coles%20garbage%20bags
coles anzac biscuits,3,2,3,3,https://www.coles.com.au/search?q=coles%20anzac%20biscuits
nivea lip butter,3,2,6,2,https://www.coles.com.au/search?q=nivea%20lip%20butter
honey soy wing,3,2,7,1,https://www.coles.com.au/search?q=honey%20soy%20wing
mix frozen vegetable,3,2,37,10,https://www.coles.com.au/search?q=mix%20frozen%20vegetable
huggies pants boy,3,2,10,0,https://www.coles.com.au/search?q=huggies%20pants%20boy
coles choc almonds,3,2,3,8,https://www.coles.com.au/search?q=coles%20choc%20almonds
original bbq sauce,3,2,3,6,https://www.coles.com.au/search?q=original%20bbq%20sauce
garden salad bowl,3,2,19,2,https://www.coles.com.au/search?q=garden%20salad%20bowl
plain flour gluten,3,2,28,4,https://www.coles.com.au/search?q=plain%20flour%20gluten
chocolate chips chocolate,3,2,60,19,https://www.coles.com.au/search?q=chocolate%20chips%20chocolate
darrell lea bullets,3,2,7,8,https://www.coles.com.au/search?q=darrell%20lea%20bullets
babylove night pants,3,2,16,1,https://www.coles.com.au/search?q=babylove%20night%20pants
moist coconut flakes,3,2,1,1,https://www.coles.com.au/search?q=moist%20coconut%20flakes
clip top jar,3,2,4,2,https://www.coles.com.au/search?q=clip%20top%20jar
sunrice medium white,3,2,10,3,https://www.coles.com.au/search?q=sunrice%20medium%20white
coles frozen prawn,3,2,24,54,https://www.coles.com.au/search?q=coles%20frozen%20prawn
grated pecorino cheese,3,2,45,1,https://www.coles.com.au/search?q=grated%20pecorino%20cheese
natures way probiotics,3,2,11,8,https://www.coles.com.au/search?q=natures%20way%20probiotics
bulla frozen custard,3,2,5,0,https://www.coles.com.au/search?q=bulla%20frozen%20custard
bbq frozen m,3,2,111,17,https://www.coles.com.au/search?q=bbq%20frozen%20m
iced black coffee,3,2,14,2,https://www.coles.com.au/search?q=iced%20black%20coffee
snack plastic bags,3,2,43,1,https://www.coles.com.au/search?q=snack%20plastic%20bags
cereal snack bars,3,2,6,10,https://www.coles.com.au/search?q=cereal%20snack%20bars
food colour gel,3,2,4,4,https://www.coles.com.au/search?q=food%20colour%20gel
coles rinse aid,3,2,1,8,https://www.coles.com.au/search?q=coles%20rinse%20aid
red velvet cake,3,2,7,3,https://www.coles.com.au/search?q=red%20velvet%20cake
bakers delight bread,3,2,26,75,https://www.coles.com.au/search?q=bakers%20delight%20bread
ogx coconut conditioner,3,2,8,8,https://www.coles.com.au/search?q=ogx%20coconut%20conditioner
fresh flat bread,3,2,7,0,https://www.coles.com.au/search?q=fresh%20flat%20bread
toilet so soft,3,2,4,7,https://www.coles.com.au/search?q=toilet%20so%20soft
pre cooked chicken,3,2,18,0,https://www.coles.com.au/search?q=pre%20cooked%20chicken
kan tong sticky,3,2,17,12,https://www.coles.com.au/search?q=kan%20tong%20sticky
vanilla ice up,3,2,6,0,https://www.coles.com.au/search?q=vanilla%20ice%20up
iced coffee dare,3,2,11,15,https://www.coles.com.au/search?q=iced%20coffee%20dare
colgate advanced white,3,2,20,0,https://www.coles.com.au/search?q=colgate%20advanced%20white
hot crossed bun,3,2,14,16,https://www.coles.com.au/search?q=hot%20crossed%20bun
pear and cinnamon,3,2,3,3,https://www.coles.com.au/search?q=pear%20and%20cinnamon
chilli lime dressing,3,2,2,3,https://www.coles.com.au/search?q=chilli%20lime%20dressing
chicken thighs fillets,3,2,8,8,https://www.coles.com.au/search?q=chicken%20thighs%20fillets
heritage mill bar,3,2,18,0,https://www.coles.com.au/search?q=heritage%20mill%20bar
margarine meadow lea,3,2,1,93,https://www.coles.com.au/search?q=margarine%20meadow%20lea
gluten free cracker,3,2,37,0,https://www.coles.com.au/search?q=gluten%20free%20cracker
coco pops white,3,2,2,1,https://www.coles.com.au/search?q=coco%20pops%20white
hask argan oil,3,2,8,5,https://www.coles.com.au/search?q=hask%20argan%20oil
illy coffee pods,3,2,2,11,https://www.coles.com.au/search?q=illy%20coffee%20pods
carrot cake loaf,3,2,9,3,https://www.coles.com.au/search?q=carrot%20cake%20loaf
steggles chicken schnitzel,3,2,37,0,https://www.coles.com.au/search?q=steggles%20chicken%20schnitzel
coles meat free,3,2,27,73,https://www.coles.com.au/search?q=coles%20meat%20free
sweetened condensed milk,3,2,5,0,https://www.coles.com.au/search?q=sweetened%20condensed%20milk
coles ultimate ice,3,2,47,0,https://www.coles.com.au/search?q=coles%20ultimate%20ice
yogurt dairy farmer,3,2,59,35,https://www.coles.com.au/search?q=yogurt%20dairy%20farmer
bran flakes with,3,2,4,3,https://www.coles.com.au/search?q=bran%20flakes%20with
toilet power gel,3,2,25,3,https://www.coles.com.au/search?q=toilet%20power%20gel
dog canned food,3,2,322,2,https://www.coles.com.au/search?q=dog%20canned%20food
veg section bags,3,2,4,0,https://www.coles.com.au/search?q=veg%20section%20bags
rubber gloves disposable,3,2,24,0,https://www.coles.com.au/search?q=rubber%20gloves%20disposable
peppermint spearmint tea,3,2,14,1,https://www.coles.com.au/search?q=peppermint%20spearmint%20tea
whisper sanitary pads,3,2,77,5,https://www.coles.com.au/search?q=whisper%20sanitary%20pads
sweet potatoes prepacked,3,2,3,1,https://www.coles.com.au/search?q=sweet%20potatoes%20prepacked
freedom foods coconut,3,2,39,0,https://www.coles.com.au/search?q=freedom%20foods%20coconut
fluffy softener aqua,3,2,1,0,https://www.coles.com.au/search?q=fluffy%20softener%20aqua
best ever burger,3,2,2,2,https://www.coles.com.au/search?q=best%20ever%20burger
edgell black beans,3,2,20,4,https://www.coles.com.au/search?q=edgell%20black%20beans
icing sugar mixture,3,2,48,3,https://www.coles.com.au/search?q=icing%20sugar%20mixture
make up pads,3,2,4,5,https://www.coles.com.au/search?q=make%20up%20pads
pine cleen wipes,3,2,25,10,https://www.coles.com.au/search?q=pine%20cleen%20wipes
heinz dijon mustard,3,2,8,0,https://www.coles.com.au/search?q=heinz%20dijon%20mustard
crackers for cheese,3,2,82,4,https://www.coles.com.au/search?q=crackers%20for%20cheese
permanent hair color,3,2,199,0,https://www.coles.com.au/search?q=permanent%20hair%20color
just for man,3,2,5,8,https://www.coles.com.au/search?q=just%20for%20man
darrell lea caramel,3,2,1,2,https://www.coles.com.au/search?q=darrell%20lea%20caramel
reef suntan oil,3,2,5,1,https://www.coles.com.au/search?q=reef%20suntan%20oil
cadbury freddo milky,3,2,8,3,https://www.coles.com.au/search?q=cadbury%20freddo%20milky
coles rainbow mallows,3,2,6,206,https://www.coles.com.au/search?q=coles%20rainbow%20mallows
long life almond,3,2,20,23,https://www.coles.com.au/search?q=long%20life%20almond
free from ginger,3,2,1,56,https://www.coles.com.au/search?q=free%20from%20ginger
sliced breast chicken,3,2,5,7,https://www.coles.com.au/search?q=sliced%20breast%20chicken
beef spring roll,3,2,20,0,https://www.coles.com.au/search?q=beef%20spring%20roll
coles chilled juice,3,2,55,434,https://www.coles.com.au/search?q=coles%20chilled%20juice
dairy farmers vanilla,3,2,131,8,https://www.coles.com.au/search?q=dairy%20farmers%20vanilla
australias own unsweetened,3,2,2,2,https://www.coles.com.au/search?q=australias%20own%20unsweetened
lactose free coles,3,2,4,1,https://www.coles.com.au/search?q=lactose%20free%20coles
csr castor sugar,3,2,24,3,https://www.coles.com.au/search?q=csr%20castor%20sugar
chocolate chip bisc,3,2,13,19,https://www.coles.com.au/search?q=chocolate%20chip%20bisc
king island yoghurt,3,2,9,11,https://www.coles.com.au/search?q=king%20island%20yoghurt
tuna sweet chili,3,2,1,4,https://www.coles.com.au/search?q=tuna%20sweet%20chili
fetta coles frozen,3,2,121,4,https://www.coles.com.au/search?q=fetta%20coles%20frozen
red hair dyes,3,2,1,25,https://www.coles.com.au/search?q=red%20hair%20dyes
herbal essences hello,3,2,7,2,https://www.coles.com.au/search?q=herbal%20essences%20hello
yoghurt greek jaln,3,2,77,16,https://www.coles.com.au/search?q=yoghurt%20greek%20jaln
birds eye chinese,3,2,1,1,https://www.coles.com.au/search?q=birds%20eye%20chinese
el paso enchilada,3,2,59,2,https://www.coles.com.au/search?q=el%20paso%20enchilada
pete evans sauce,3,2,7,780,https://www.coles.com.au/search?q=pete%20evans%20sauce
nivea irresistibly smooth,3,2,1,1,https://www.coles.com.au/search?q=nivea%20irresistibly%20smooth
coles cough medicine,3,2,80,2,https://www.coles.com.au/search?q=coles%20cough%20medicine
coles cookies biscuits,3,2,68,78,https://www.coles.com.au/search?q=coles%20cookies%20biscuits
bar choc chip,3,2,17,14,https://www.coles.com.au/search?q=bar%20choc%20chip
weight watchers cheese,3,2,5,11,https://www.coles.com.au/search?q=weight%20watchers%20cheese
pretzel peanut butter,3,2,4,1,https://www.coles.com.au/search?q=pretzel%20peanut%20butter
coles cracked pepper crackers,4,3,3,0,https://www.coles.com.au/search?q=coles%20cracked%20pepper%20crackers
free from gluten plain flour,5,3,4,0,https://www.coles.com.au/search?q=free%20from%20gluten%20plain%20flour
sweet and salt popcorn,4,3,3,5,https://www.coles.com.au/search?q=sweet%20and%20salt%20popcorn
qv intensive body wash,4,3,78,573,https://www.coles.com.au/search?q=qv%20intensive%20body%20wash
grain free cat food salmon,5,3,41,0,https://www.coles.com.au/search?q=grain%20free%20cat%20food%20salmon
old el paso tortilla pockets,5,3,14,0,https://www.coles.com.au/search?q=old%20el%20paso%20tortilla%20pockets
uncle tobys ancient grain oats,5,3,1,0,https://www.coles.com.au/search?q=uncle%20tobys%20ancient%20grain%20oats
dog food dry pedigree,4,3,5,8,https://www.coles.com.au/search?q=dog%20food%20dry%20pedigree
double length toilet roll,4,3,6,0,https://www.coles.com.au/search?q=double%20length%20toilet%20roll
dairy farmers lite milk,4,3,2,1,https://www.coles.com.au/search?q=dairy%20farmers%20lite%20milk
head and shoulders dry scalp shampoo,6,3,"1,295",9,https://www.coles.com.au/search?q=head%20and%20shoulders%20dry%20scalp%20shampoo
sea salt and vin,4,3,1,0,https://www.coles.com.au/search?q=sea%20salt%20and%20vin
coles rspca chicken wings,4,3,5,0,https://www.coles.com.au/search?q=coles%20rspca%20chicken%20wings
kleenex facial tissues large silky,5,3,24,0,https://www.coles.com.au/search?q=kleenex%20facial%20tissues%20large%20silky
my dog gourmet beef,4,3,6,0,https://www.coles.com.au/search?q=my%20dog%20gourmet%20beef
moira macs chicken breasts,4,3,3,7,https://www.coles.com.au/search?q=moira%20macs%20chicken%20breasts
garnier pure active in,5,3,5,0,https://www.coles.com.au/search?q=garnier%20pure%20active%20in
lemon herb chicken breast,4,3,2,0,https://www.coles.com.au/search?q=lemon%20herb%20chicken%20breast
ice cream chocolate chip,4,3,11,0,https://www.coles.com.au/search?q=ice%20cream%20chocolate%20chip
coles sweet potato pie,4,3,1,1,https://www.coles.com.au/search?q=coles%20sweet%20potato%20pie
no added sugar dark chocolate,5,3,11,4,https://www.coles.com.au/search?q=no%20added%20sugar%20dark%20chocolate
chipotle peppers in adobo sauce,5,3,928,0,https://www.coles.com.au/search?q=chipotle%20peppers%20in%20adobo%20sauce
scoop weigh soy crisps,4,3,4,0,https://www.coles.com.au/search?q=scoop%20weigh%20soy%20crisps
butcher meat steaks snags rump for nick,8,3,724,6,https://www.coles.com.au/search?q=butcher%20meat%20steaks%20snags%20rump%20for%20nick
tip top bread wholemeal,4,3,5,13,https://www.coles.com.au/search?q=tip%20top%20bread%20wholemeal
sea salt cracker chips,4,3,16,0,https://www.coles.com.au/search?q=sea%20salt%20cracker%20chips
beef sausages with garlic,4,3,4,1,https://www.coles.com.au/search?q=beef%20sausages%20with%20garlic
uncle tobys original oats,4,3,4,3,https://www.coles.com.au/search?q=uncle%20tobys%20original%20oats
nexba kombucha apple pear,4,3,2,0,https://www.coles.com.au/search?q=nexba%20kombucha%20apple%20pear
honey soy chips red rock,5,3,4,0,https://www.coles.com.au/search?q=honey%20soy%20chips%20red%20rock
huon salmon to go,4,3,1,0,https://www.coles.com.au/search?q=huon%20salmon%20to%20go
coles gluten free noodles,4,3,1,0,https://www.coles.com.au/search?q=coles%20gluten%20free%20noodles
family stir fry mix,4,3,3,0,https://www.coles.com.au/search?q=family%20stir%20fry%20mix
fancy feast dry food,4,3,4,0,https://www.coles.com.au/search?q=fancy%20feast%20dry%20food
ml iced coffee,4,3,39,39,https://www.coles.com.au/search?q=ml%20iced%20coffee
gluten free freedom foods,4,3,313,11,https://www.coles.com.au/search?q=gluten%20free%20freedom%20foods
tin tuna in oil,4,3,4,28,https://www.coles.com.au/search?q=tin%20tuna%20in%20oil
pizza base dough balls,4,3,14,4,https://www.coles.com.au/search?q=pizza%20base%20dough%20balls
cadbury dairy milk chocolate,4,3,32,69,https://www.coles.com.au/search?q=cadbury%20dairy%20milk%20chocolate
dairylea cheddar cheese block,4,3,2,0,https://www.coles.com.au/search?q=dairylea%20cheddar%20cheese%20block
free range pork chop,4,3,8,9,https://www.coles.com.au/search?q=free%20range%20pork%20chop
sara lee french vanilla ice cream,6,3,"1,558",0,https://www.coles.com.au/search?q=sara%20lee%20french%20vanilla%20ice%20cream
mango and coconut bar,4,3,2,1,https://www.coles.com.au/search?q=mango%20and%20coconut%20bar
sensodyne sensitive teeth pain repair and protect,7,3,671,2,https://www.coles.com.au/search?q=sensodyne%20sensitive%20teeth%20pain%20repair%20and%20protect
nice and natural fruit frogs,5,3,1,0,https://www.coles.com.au/search?q=nice%20and%20natural%20fruit%20frogs
peters ice cream tubs,4,3,20,0,https://www.coles.com.au/search?q=peters%20ice%20cream%20tubs
mi goreng noodle gluten free,5,3,1,10,https://www.coles.com.au/search?q=mi%20goreng%20noodle%20gluten%20free
black swan warming d,4,3,3,1,https://www.coles.com.au/search?q=black%20swan%20warming%20d
cook and dine pasta,4,3,5,3,https://www.coles.com.au/search?q=cook%20and%20dine%20pasta
herb and garlic sausages,4,3,5,2,https://www.coles.com.au/search?q=herb%20and%20garlic%20sausages
bread high fibre coles,4,3,13,70,https://www.coles.com.au/search?q=bread%20high%20fibre%20coles
red rock deli honey soy chicken,6,3,"2,367",6,https://www.coles.com.au/search?q=red%20rock%20deli%20honey%20soy%20chicken
new york strip steak,4,3,1,0,https://www.coles.com.au/search?q=new%20york%20strip%20steak
coles beef instant noodles,4,3,3,4,https://www.coles.com.au/search?q=coles%20beef%20instant%20noodles
salt and vinegar thi,4,3,1,3,https://www.coles.com.au/search?q=salt%20and%20vinegar%20thi
neutrogena oil free acne,4,3,5,4,https://www.coles.com.au/search?q=neutrogena%20oil%20free%20acne
tomato and basil pasta,4,3,11,0,https://www.coles.com.au/search?q=tomato%20and%20basil%20pasta
carman bar aussie oats,4,3,4,6,https://www.coles.com.au/search?q=carman%20bar%20aussie%20oats
schwarzkopf extra care hair,4,3,104,0,https://www.coles.com.au/search?q=schwarzkopf%20extra%20care%20hair
coles white bread sandwich,4,3,6,0,https://www.coles.com.au/search?q=coles%20white%20bread%20sandwich
cobram extra virgin olive oil,5,3,50,15,https://www.coles.com.au/search?q=cobram%20extra%20virgin%20olive%20oil
hi fibre low gi bread,5,3,10,0,https://www.coles.com.au/search?q=hi%20fibre%20low%20gi%20bread
coles shredded chicken breast,4,3,9,1,https://www.coles.com.au/search?q=coles%20shredded%20chicken%20breast
praise honey and dijon,4,3,1,0,https://www.coles.com.au/search?q=praise%20honey%20and%20dijon
chickpeas in olive oil and sea salt,7,3,"1,071",1,https://www.coles.com.au/search?q=chickpeas%20in%20olive%20oil%20and%20sea%20salt
coles loose cup mush,4,3,2,0,https://www.coles.com.au/search?q=coles%20loose%20cup%20mush
three threes mustard pickles,4,3,3,3,https://www.coles.com.au/search?q=three%20threes%20mustard%20pickles
weet bix gluten free,4,3,2,2,https://www.coles.com.au/search?q=weet%20bix%20gluten%20free
cup soup chicken noodle,4,3,14,6,https://www.coles.com.au/search?q=cup%20soup%20chicken%20noodle
old el paso taco mix,5,3,23,0,https://www.coles.com.au/search?q=old%20el%20paso%20taco%20mix
chicken stock salt reduce,4,3,7,0,https://www.coles.com.au/search?q=chicken%20stock%20salt%20reduce
colgate pump toothpaste g,4,3,1,0,https://www.coles.com.au/search?q=colgate%20pump%20toothpaste%20g
nivea sensitive shave gel,4,3,4,0,https://www.coles.com.au/search?q=nivea%20sensitive%20shave%20gel
nice and natural but bars,5,3,17,0,https://www.coles.com.au/search?q=nice%20and%20natural%20but%20bars
spinach ricotta and fetta rolls,5,3,481,1,https://www.coles.com.au/search?q=spinach%20ricotta%20and%20fetta%20rolls
tamar valley vanilla yoghurt,4,3,2,0,https://www.coles.com.au/search?q=tamar%20valley%20vanilla%20yoghurt
pear and aloe vera,4,3,10,0,https://www.coles.com.au/search?q=pear%20and%20aloe%20vera
sour cream and chives grain waves,6,3,"1,274",0,https://www.coles.com.au/search?q=sour%20cream%20and%20chives%20grain%20waves
cadbury chocolate dark choc,4,3,2,13,https://www.coles.com.au/search?q=cadbury%20chocolate%20dark%20choc
coles mince for cats,4,3,"3,889",0,https://www.coles.com.au/search?q=coles%20mince%20for%20cats
master foods chicken seasoning,4,3,6,93,https://www.coles.com.au/search?q=master%20foods%20chicken%20seasoning
kleenex rolls toilet paper,4,3,597,1,https://www.coles.com.au/search?q=kleenex%20rolls%20toilet%20paper
natures way vitamin,4,3,88,0,https://www.coles.com.au/search?q=natures%20way%20vitamin
chicken breast from the deli,5,3,7,0,https://www.coles.com.au/search?q=chicken%20breast%20from%20the%20deli
pink and white lollies,4,3,6,2,https://www.coles.com.au/search?q=pink%20and%20white%20lollies
spc baked beans 425g,4,3,13,0,https://www.coles.com.au/search?q=spc%20baked%20beans%20g
corn and rice cakes,4,3,6,5,https://www.coles.com.au/search?q=corn%20and%20rice%20cakes
low fat or low fat,5,3,256,1,https://www.coles.com.au/search?q=low%20fat%20or%20low%20fat
squeaky gate all rounder,4,3,3,4,https://www.coles.com.au/search?q=squeaky%20gate%20all%20rounder
dove men clean comfort,4,3,5,5,https://www.coles.com.au/search?q=dove%20men%20clean%20comfort
stone bake pane di casa,5,3,11,0,https://www.coles.com.au/search?q=stone%20bake%20pane%20di%20casa
wellness road black chia seeds g,6,3,862,0,https://www.coles.com.au/search?q=wellness%20road%20black%20chia%20seeds%20g
coles light globe led gls lumen bc,7,3,"3,834",0,https://www.coles.com.au/search?q=coles%20light%20globe%20led%20gls%20lumen%20bc
coles pomlife fresh pomegranate arils,5,3,1,1,https://www.coles.com.au/search?q=coles%20pomlife%20fresh%20pomegranate%20arils
purina lucky dog mini,4,3,5,0,https://www.coles.com.au/search?q=purina%20lucky%20dog%20mini
huggies ultra dry nappy,5,3,30,30,https://www.coles.com.au/search?q=huggies%20ultra%20dry%20nappy
low gi high fibre,4,3,10,10,https://www.coles.com.au/search?q=low%20gi%20high%20fibre
gluten free bread genius,4,3,6,0,https://www.coles.com.au/search?q=gluten%20free%20bread%20genius
command picture hanging strips,5,3,7,5,https://www.coles.com.au/search?q=command%20picture%20hanging%20strips
smith cheetos puffs party bag,5,3,4,0,https://www.coles.com.au/search?q=smith%20cheetos%20puffs%20party%20bag
dark smooth peanut butter,4,3,5,0,https://www.coles.com.au/search?q=dark%20smooth%20peanut%20butter
farmer union iced coffee,4,3,2,0,https://www.coles.com.au/search?q=farmer%20union%20iced%20coffee
uncle tobys plus fibre,4,3,9,2,https://www.coles.com.au/search?q=uncle%20tobys%20plus%20fibre
coles frozen beef lasagna,4,3,11,0,https://www.coles.com.au/search?q=coles%20frozen%20beef%20lasagna
no sugar added chocolate,4,3,24,0,https://www.coles.com.au/search?q=no%20sugar%20added%20chocolate
sarah lee frozen cake,4,3,3,0,https://www.coles.com.au/search?q=sarah%20lee%20frozen%20cake
nature way fat burn,4,3,9,95,https://www.coles.com.au/search?q=nature%20way%20fat%20burn
gluten free frozen chips,4,3,0,14,https://www.coles.com.au/search?q=gluten%20free%20frozen%20chips
u super maxi pads,4,3,6,0,https://www.coles.com.au/search?q=u%20super%20maxi%20pads
lemon lime and bitter lemon,5,3,18,1,https://www.coles.com.au/search?q=lemon%20lime%20and%20bitter%20lemon
chips salt vinegar chips,4,3,17,0,https://www.coles.com.au/search?q=chips%20salt%20vinegar%20chips
cup of soup dutch curry,5,3,5,0,https://www.coles.com.au/search?q=cup%20of%20soup%20dutch%20curry
john west sweet chilli,4,3,1,1,https://www.coles.com.au/search?q=john%20west%20sweet%20chilli
decor match ups basic,4,3,11,0,https://www.coles.com.au/search?q=decor%20match%20ups%20basic
semi sun dried tomatoes,4,3,1,0,https://www.coles.com.au/search?q=semi%20sun%20dried%20tomatoes
on the menu chic,4,3,2,17,https://www.coles.com.au/search?q=on%20the%20menu%20chic
aussie body lo carb,4,3,4,6,https://www.coles.com.au/search?q=aussie%20body%20lo%20carb
coles make at home,4,3,9,0,https://www.coles.com.au/search?q=coles%20make%20at%20home
cadbury fruit and nut chocolate,5,3,3,0,https://www.coles.com.au/search?q=cadbury%20fruit%20and%20nut%20chocolate
pana de casa bread,4,3,603,0,https://www.coles.com.au/search?q=pana%20de%20casa%20bread
anti bacterial washing machine cleaner,5,3,7,7,https://www.coles.com.au/search?q=anti%20bacterial%20washing%20machine%20cleaner
coles thin bbq sausages,4,3,4,3,https://www.coles.com.au/search?q=coles%20thin%20bbq%20sausages
head shoulders shampoo,4,3,56,0,https://www.coles.com.au/search?q=head%20shoulders%20shampoo
coles ultimate choc chip cookie,5,3,12,0,https://www.coles.com.au/search?q=coles%20ultimate%20choc%20chip%20cookie
multix non stick baking paper,5,3,5,1,https://www.coles.com.au/search?q=multix%20non%20stick%20baking%20paper
men shampoo and cond,4,3,2,0,https://www.coles.com.au/search?q=men%20shampoo%20and%20cond
coles stir fry vegies,4,3,15,186,https://www.coles.com.au/search?q=coles%20stir%20fry%20vegies
coles vegetable soup starter,4,3,0,1,https://www.coles.com.au/search?q=coles%20vegetable%20soup%20starter
fabric softener earth choice,4,3,3,3,https://www.coles.com.au/search?q=fabric%20softener%20earth%20choice
masterfoods lemon and pepper,4,3,3,2,https://www.coles.com.au/search?q=masterfoods%20lemon%20and%20pepper
colgate total charcoal deep clean multi benefit toothpaste,8,3,"1,278",0,https://www.coles.com.au/search?q=colgate%20total%20charcoal%20deep%20clean%20multi%20benefit%20toothpaste
liptons chai latte sachet,4,3,1,0,https://www.coles.com.au/search?q=liptons%20chai%20latte%20sachet
spinach and ricotta frozen,4,3,6,7,https://www.coles.com.au/search?q=spinach%20and%20ricotta%20frozen
devondale full cream long,4,3,3,4,https://www.coles.com.au/search?q=devondale%20full%20cream%20long
nivea men cool kick,4,3,2,2,https://www.coles.com.au/search?q=nivea%20men%20cool%20kick
easy off bam drain,4,3,2,2,https://www.coles.com.au/search?q=easy%20off%20bam%20drain
choc top ice cream,4,3,25,3,https://www.coles.com.au/search?q=choc%20top%20ice%20cream
bread cafe tip top,4,3,21,0,https://www.coles.com.au/search?q=bread%20cafe%20tip%20top
cook and dine plates,4,3,12,347,https://www.coles.com.au/search?q=cook%20and%20dine%20plates
thai basil lime coconut,4,3,1,0,https://www.coles.com.au/search?q=thai%20basil%20lime%20coconut
twinings green lemon tea,4,3,5,3,https://www.coles.com.au/search?q=twinings%20green%20lemon%20tea
madam flavour tea bags,4,3,5,178,https://www.coles.com.au/search?q=madam%20flavour%20tea%20bags
detol foam hand wash,4,3,4,0,https://www.coles.com.au/search?q=detol%20foam%20hand%20wash
dine cat food turkey,4,3,45,2,https://www.coles.com.au/search?q=dine%20cat%20food%20turkey
free range coles chicken,4,3,34,29,https://www.coles.com.au/search?q=free%20range%20coles%20chicken
mainland on the go,4,3,8,0,https://www.coles.com.au/search?q=mainland%20on%20the%20go
coles deli large entertaining platter,5,3,14,0,https://www.coles.com.au/search?q=coles%20deli%20large%20entertaining%20platter
easy off drain gel,4,3,1,1,https://www.coles.com.au/search?q=easy%20off%20drain%20gel
seed gluten free,4,3,14,0,https://www.coles.com.au/search?q=seed%20gluten%20free
masterfood garlic and herb,4,3,17,0,https://www.coles.com.au/search?q=masterfood%20garlic%20and%20herb
sweet chilli chicken tenders,4,3,6,6,https://www.coles.com.au/search?q=sweet%20chilli%20chicken%20tenders
birds eye stir fry supreme,5,3,5,3,https://www.coles.com.au/search?q=birds%20eye%20stir%20fry%20supreme
long life coles milk full,5,3,4,0,https://www.coles.com.au/search?q=long%20life%20coles%20milk%20full
banana boat dry balance,4,3,3,0,https://www.coles.com.au/search?q=banana%20boat%20dry%20balance
block of coles cheese,4,3,14,0,https://www.coles.com.au/search?q=block%20of%20coles%20cheese
old el paso spi,4,3,59,57,https://www.coles.com.au/search?q=old%20el%20paso%20spi
thai coconut and lime,4,3,2,2,https://www.coles.com.au/search?q=thai%20coconut%20and%20lime
glass jars cook and dine,5,3,4,0,https://www.coles.com.au/search?q=glass%20jars%20cook%20and%20dine
omo laundry liquid capsules,4,3,25,10,https://www.coles.com.au/search?q=omo%20laundry%20liquid%20capsules
cook and dine floral,4,3,3,0,https://www.coles.com.au/search?q=cook%20and%20dine%20floral
toni guy leave in,4,3,1,1,https://www.coles.com.au/search?q=toni%20guy%20leave%20in
frozen shortcrust pastry case,4,3,14,3,https://www.coles.com.au/search?q=frozen%20shortcrust%20pastry%20case
chipotle roasted garlic dry mariande,5,3,2,1,https://www.coles.com.au/search?q=chipotle%20roasted%20garlic%20dry%20mariande
l oreal men expert,4,3,14,19,https://www.coles.com.au/search?q=l%20oreal%20men%20expert
coles whole plums in juice,5,3,1,0,https://www.coles.com.au/search?q=coles%20whole%20plums%20in%20juice
four twenty cheese bacon,4,3,3,0,https://www.coles.com.au/search?q=four%20twenty%20cheese%20bacon
diet lemon lime a,4,3,3,10,https://www.coles.com.au/search?q=diet%20lemon%20lime%20a
coles apple and black,4,3,1,227,https://www.coles.com.au/search?q=coles%20apple%20and%20black
kb frozen prawn h,4,3,2,54,https://www.coles.com.au/search?q=kb%20frozen%20prawn%20h
coles chicken spring water,4,3,12,0,https://www.coles.com.au/search?q=coles%20chicken%20spring%20water
hot cross buns gluten free,5,3,3,3,https://www.coles.com.au/search?q=hot%20cross%20buns%20gluten%20free
grain free dry dog,4,3,11,10,https://www.coles.com.au/search?q=grain%20free%20dry%20dog
chicken breast coles deli,4,3,6,14,https://www.coles.com.au/search?q=chicken%20breast%20coles%20deli
vanish stain remover refill,4,3,13,0,https://www.coles.com.au/search?q=vanish%20stain%20remover%20refill
lemon and lime sparkling,4,3,2,0,https://www.coles.com.au/search?q=lemon%20and%20lime%20sparkling
birds eye frozen steam fresh pea,6,3,"2,361",1,https://www.coles.com.au/search?q=birds%20eye%20frozen%20steam%20fresh%20pea
colgate degree soft toothbrush,4,3,13,0,https://www.coles.com.au/search?q=colgate%20degree%20soft%20toothbrush
tip top english muffin 6 pack,5,3,3,0,https://www.coles.com.au/search?q=tip%20top%20english%20muffin%20pack
schwarzkopf nordic blonde toner,4,3,1,0,https://www.coles.com.au/search?q=schwarzkopf%20nordic%20blonde%20toner
oates massive squeeze mop refill,5,3,458,1,https://www.coles.com.au/search?q=oates%20massive%20squeeze%20mop%20refill
pine cleen washing machine cleaner,5,3,3,0,https://www.coles.com.au/search?q=pine%20cleen%20washing%20machine%20cleaner
birds eye steam fresh carrot,5,3,12,2,https://www.coles.com.au/search?q=birds%20eye%20steam%20fresh%20carrot
tail on raw prawns,4,3,3,3,https://www.coles.com.au/search?q=tail%20on%20raw%20prawns
nature valley crunchy variety,4,3,2,2,https://www.coles.com.au/search?q=nature%20valley%20crunchy%20variety
lo carb protein bars,4,3,8,0,https://www.coles.com.au/search?q=lo%20carb%20protein%20bars
argan oil of morocco shampoo,5,3,14,4,https://www.coles.com.au/search?q=argan%20oil%20of%20morocco%20shampoo
cook and dine bowls,4,3,18,0,https://www.coles.com.au/search?q=cook%20and%20dine%20bowls
birds oven bake fish,4,3,9,5,https://www.coles.com.au/search?q=birds%20oven%20bake%20fish
birds eye kg fish frozen,5,3,7,2,https://www.coles.com.au/search?q=birds%20eye%20kg%20fish%20frozen
always fresh cheese crackers,4,3,8,0,https://www.coles.com.au/search?q=always%20fresh%20cheese%20crackers
evening primrose oil,4,3,1,2,https://www.coles.com.au/search?q=evening%20primrose%20oil
coles beef bbq burger,4,3,11,3,https://www.coles.com.au/search?q=coles%20beef%20bbq%20burger
thank you hand refill,4,3,1,4,https://www.coles.com.au/search?q=thank%20you%20hand%20refill
cup soup mushroom and croutons,5,3,531,2,https://www.coles.com.au/search?q=cup%20soup%20mushroom%20and%20croutons
kg cat food,4,3,67,46,https://www.coles.com.au/search?q=kg%20cat%20food
arnotts vita brit crackers,4,3,2,0,https://www.coles.com.au/search?q=arnotts%20vita%20brit%20crackers
butter chicken simmer sauce,4,3,9,13,https://www.coles.com.au/search?q=butter%20chicken%20simmer%20sauce
ajax eco coconut and lime,5,3,1,0,https://www.coles.com.au/search?q=ajax%20eco%20coconut%20and%20lime
golden circle juice multipack,4,3,62,0,https://www.coles.com.au/search?q=golden%20circle%20juice%20multipack
stir fry rice vegetables,4,3,7,0,https://www.coles.com.au/search?q=stir%20fry%20rice%20vegetables
natures way super kri,4,3,8,4,https://www.coles.com.au/search?q=natures%20way%20super%20kri
arnotts chocolate chip cookies,4,3,1,0,https://www.coles.com.au/search?q=arnotts%20chocolate%20chip%20cookies
coles casserole dog food,4,3,5,0,https://www.coles.com.au/search?q=coles%20casserole%20dog%20food
nature way beauty liquid,4,3,53,0,https://www.coles.com.au/search?q=nature%20way%20beauty%20liquid
body wash dove l,4,3,15,0,https://www.coles.com.au/search?q=body%20wash%20dove%20l
gluten free bread helga,4,3,5,4,https://www.coles.com.au/search?q=gluten%20free%20bread%20helga
gift card for coles,4,3,"3,672",0,https://www.coles.com.au/search?q=gift%20card%20for%20coles
cobs gluten free popc,4,3,6,0,https://www.coles.com.au/search?q=cobs%20gluten%20free%20popc
split pea ham soup,4,3,5,1,https://www.coles.com.au/search?q=split%20pea%20ham%20soup
baby food only organic pouch,5,3,102,0,https://www.coles.com.au/search?q=baby%20food%20only%20organic%20pouch
yo pro salted caramel,4,3,5,99,https://www.coles.com.au/search?q=yo%20pro%20salted%20caramel
real salt reduced vegetable stock,5,3,3,0,https://www.coles.com.au/search?q=real%20salt%20reduced%20vegetable%20stock
lemon lime citrus deep,4,3,4,0,https://www.coles.com.au/search?q=lemon%20lime%20citrus%20deep
olay night cream provital,4,3,1,0,https://www.coles.com.au/search?q=olay%20night%20cream%20provital
dine melting soup cat food,5,3,2,2,https://www.coles.com.au/search?q=dine%20melting%20soup%20cat%20food
longlife milk full cream milk,5,3,39,0,https://www.coles.com.au/search?q=longlife%20milk%20full%20cream%20milk
herbal essence blue bottle,4,3,9,29,https://www.coles.com.au/search?q=herbal%20essence%20blue%20bottle
super crunchy peanut butter,4,3,1,4,https://www.coles.com.au/search?q=super%20crunchy%20peanut%20butter
gluten free pasta and sauce,5,3,4,0,https://www.coles.com.au/search?q=gluten%20free%20pasta%20and%20sauce
salt and cracked pepper,4,3,2,3,https://www.coles.com.au/search?q=salt%20and%20cracked%20pepper
red kellys salad dressing,4,3,3,3,https://www.coles.com.au/search?q=red%20kellys%20salad%20dressing
caramel almond sea salt kind,5,3,7,2,https://www.coles.com.au/search?q=caramel%20almond%20sea%20salt%20kind
low fat lactose free,4,3,5,3071,https://www.coles.com.au/search?q=low%20fat%20lactose%20free
earth choice laundry liquid,4,3,12,7,https://www.coles.com.au/search?q=earth%20choice%20laundry%20liquid
pasta and sauce continental,4,3,18,0,https://www.coles.com.au/search?q=pasta%20and%20sauce%20continental
double smoked sliced ham,4,3,5,0,https://www.coles.com.au/search?q=double%20smoked%20sliced%20ham
sistema klip it cook,4,3,2,0,https://www.coles.com.au/search?q=sistema%20klip%20it%20cook
frozen rice and vegetables,4,3,53,3,https://www.coles.com.au/search?q=frozen%20rice%20and%20vegetables
bulla chocolate chip ice cream,5,3,97,0,https://www.coles.com.au/search?q=bulla%20chocolate%20chip%20ice%20cream
cobram extra virgin olive oil light,6,3,"1,267",0,https://www.coles.com.au/search?q=cobram%20extra%20virgin%20olive%20oil%20light
happy cookie and co,4,3,1,1,https://www.coles.com.au/search?q=happy%20cookie%20and%20co
red rock deli chicken,4,3,5,0,https://www.coles.com.au/search?q=red%20rock%20deli%20chicken
alfredo garlic and herb,4,3,5,1,https://www.coles.com.au/search?q=alfredo%20garlic%20and%20herb
cheese and rice crackers,4,3,13,0,https://www.coles.com.au/search?q=cheese%20and%20rice%20crackers
old el paso taco spice mix,6,3,"1,270",5,https://www.coles.com.au/search?q=old%20el%20paso%20taco%20spice%20mix
telstra prepaid gx wifi,4,3,34,2,https://www.coles.com.au/search?q=telstra%20prepaid%20gx%20wifi
pork sausages garlic and herb,5,3,4,2,https://www.coles.com.au/search?q=pork%20sausages%20garlic%20and%20herb
italian tomato pasta sauce,4,3,15,8,https://www.coles.com.au/search?q=italian%20tomato%20pasta%20sauce
crest australia new zealand travel adaptor,7,3,267,0,https://www.coles.com.au/search?q=crest%20australia%20new%20zealand%20travel%20adaptor
bread crumbs gluten free,4,3,1,3,https://www.coles.com.au/search?q=bread%20crumbs%20gluten%20free
orange power air freshener,4,3,2,0,https://www.coles.com.au/search?q=orange%20power%20air%20freshener
campbells cream of mus,4,3,2,5,https://www.coles.com.au/search?q=campbells%20cream%20of%20mus
fussy cat grain free flaked tuna,6,3,"1,644",0,https://www.coles.com.au/search?q=fussy%20cat%20grain%20free%20flaked%20tuna
smiths fun mix chips,4,3,2,1,https://www.coles.com.au/search?q=smiths%20fun%20mix%20chips
bega strong bitey slice,4,3,5,2,https://www.coles.com.au/search?q=bega%20strong%20bitey%20slice
double walled bottle l,4,3,2,3,https://www.coles.com.au/search?q=double%20walled%20bottle%20l
ham and cheese c,4,3,4,0,https://www.coles.com.au/search?q=ham%20and%20cheese%20c
poise thin and discreet pads,5,3,9,0,https://www.coles.com.au/search?q=poise%20thin%20and%20discreet%20pads
if no mince lamb use frozen beef mince or purchse veal mince,13,3,"1,241",1,https://www.coles.com.au/search?q=if%20no%20mince%20lamb%20use%20frozen%20beef%20mince%20or%20purchse%20veal%20mince
arnotts iced vovo biscuits,4,3,2,0,https://www.coles.com.au/search?q=arnotts%20iced%20vovo%20biscuits
up go no added,4,3,6,0,https://www.coles.com.au/search?q=up%20go%20no%20added
dove triple moisturizing body wash,5,3,2,2,https://www.coles.com.au/search?q=dove%20triple%20moisturizing%20body%20wash
moconna indulgence instant coffee,4,3,1,2,https://www.coles.com.au/search?q=moconna%20indulgence%20instant%20coffee
beef and liver cat food,5,3,4,5,https://www.coles.com.au/search?q=beef%20and%20liver%20cat%20food
masterfoods sweet sour sauce,4,3,2,0,https://www.coles.com.au/search?q=masterfoods%20sweet%20sour%20sauce
peters light creamy slices,4,3,5,1,https://www.coles.com.au/search?q=peters%20light%20creamy%20slices
eggs sunny queen,4,3,12,0,https://www.coles.com.au/search?q=eggs%20sunny%20queen
low gi white rice,4,3,1,0,https://www.coles.com.au/search?q=low%20gi%20white%20rice
coles gluten free white,4,3,5,112,https://www.coles.com.au/search?q=coles%20gluten%20free%20white
old el paso black beans,5,3,3,0,https://www.coles.com.au/search?q=old%20el%20paso%20black%20beans
bird eye baby peas,4,3,3,0,https://www.coles.com.au/search?q=bird%20eye%20baby%20peas
birds eye snap frozen baby beans,6,3,"6,433",0,https://www.coles.com.au/search?q=birds%20eye%20snap%20frozen%20baby%20beans
easy made slow cooked beef ragu,6,3,"1,478",2,https://www.coles.com.au/search?q=easy%20made%20slow%20cooked%20beef%20ragu
coles rspca chicken schnitzel,4,3,28,1,https://www.coles.com.au/search?q=coles%20rspca%20chicken%20schnitzel
frozen peas carrots corn,4,3,5,0,https://www.coles.com.au/search?q=frozen%20peas%20carrots%20corn
traditional hot cross buns,4,3,11,1,https://www.coles.com.au/search?q=traditional%20hot%20cross%20buns
chux heavy duty scourer,4,3,4,5,https://www.coles.com.au/search?q=chux%20heavy%20duty%20scourer
coles white choc buttons,4,3,1,1,https://www.coles.com.au/search?q=coles%20white%20choc%20buttons
swisse hair skin nails,5,3,3,3,https://www.coles.com.au/search?q=swisse%20hair%20skin%20nails
mens hair removal cream,4,3,11,0,https://www.coles.com.au/search?q=mens%20hair%20removal%20cream
calcium and vitamin tablets,4,3,30,0,https://www.coles.com.au/search?q=calcium%20and%20vitamin%20tablets
uncle tobys oats honey,4,3,7,5,https://www.coles.com.au/search?q=uncle%20tobys%20oats%20honey
mini vanilla ice cream,4,3,44,2,https://www.coles.com.au/search?q=mini%20vanilla%20ice%20cream
dettol hand wash foam,4,3,4,0,https://www.coles.com.au/search?q=dettol%20hand%20wash%20foam
harvey fresh long life,4,3,11,0,https://www.coles.com.au/search?q=harvey%20fresh%20long%20life
herb and garlic crumb,4,3,7,4,https://www.coles.com.au/search?q=herb%20and%20garlic%20crumb
carrot and orange juice,4,3,8,3,https://www.coles.com.au/search?q=carrot%20and%20orange%20juice
dairy farmers yoghurt,4,3,25,0,https://www.coles.com.au/search?q=dairy%20farmers%20yoghurt
carmen aussie oat ba carmen aussie oat bars,8,3,948,6,https://www.coles.com.au/search?q=carmen%20aussie%20oat%20ba%20carmen%20aussie%20oat%20bars
liddels lactose free milk,4,3,2,4,https://www.coles.com.au/search?q=liddels%20lactose%20free%20milk
soy sauce reduced sa,4,3,1,0,https://www.coles.com.au/search?q=soy%20sauce%20reduced%20sa
canesten athlete foot cream,4,3,1,1,https://www.coles.com.au/search?q=canesten%20athlete%20foot%20cream
atkins caramel but chew bars,5,3,2,1,https://www.coles.com.au/search?q=atkins%20caramel%20but%20chew%20bars
uncle tobys quick oats porridge kg,7,3,707,1,https://www.coles.com.au/search?q=uncle%20tobys%20quick%20oats%20porridge%20kg
always fresh duck fat,4,3,1,1,https://www.coles.com.au/search?q=always%20fresh%20duck%20fat
power gel toilet cleaner,4,3,3,3,https://www.coles.com.au/search?q=power%20gel%20toilet%20cleaner
coles sweet corn chip,4,3,1,18,https://www.coles.com.au/search?q=coles%20sweet%20corn%20chip
multi insect killer raid,4,3,6,1,https://www.coles.com.au/search?q=multi%20insect%20killer%20raid
mens roll on deo,4,3,21,0,https://www.coles.com.au/search?q=mens%20roll%20on%20deo
coles light cheese slices,4,3,5,0,https://www.coles.com.au/search?q=coles%20light%20cheese%20slices
soy honey garlic marinade,4,3,2,5,https://www.coles.com.au/search?q=soy%20honey%20garlic%20marinade
coles zip lock bags,4,3,11,0,https://www.coles.com.au/search?q=coles%20zip%20lock%20bags
huggies nappies ultra dry size,6,3,30,0,https://www.coles.com.au/search?q=huggies%20nappies%20ultra%20dry%20size
messy monkeys rice puff bars,5,3,16,2,https://www.coles.com.au/search?q=messy%20monkeys%20rice%20puff%20bars
continental superb stock chicken stoc,5,3,3,1,https://www.coles.com.au/search?q=continental%20superb%20stock%20chicken%20stoc
frozen chicken crumbed tenders,4,3,6,0,https://www.coles.com.au/search?q=frozen%20chicken%20crumbed%20tenders
fruit,,,,,
meat,,,,,
seafood,,,,,
0.6l coke,,,,,
Just juice 6pk,,,,,