,query,len,len_bucket,coles_cnt
0,runners,1,1,0
1,roast caps,2,1,2
2,mayver smooth,2,1,4
3,beef rub,2,1,2
4,natural lollies,2,1,8
5,always olives,2,1,22
6,seasoning chicken,2,1,15
7,kelloggs crum,2,1,1
8,soygood,1,1,6
9,fly paper,2,1,5
10,mix vegetables,2,1,58
11,bosistos banksia,2,1,3
12,stock miso,2,1,10
13,split lentil,2,1,5
14,meat menus,2,1,5
15,nestle milkybar,2,1,9
16,globes bayonet,2,1,93
17,dry spice,2,1,141
18,marion thai,2,1,6
19,beans edgell,2,1,21
20,garlic wurst,2,1,0
21,digestive bis,2,1,11
22,pinenaple,1,1,3
23,truss tomotoes,2,1,3
24,bathroom ajax,2,1,2
25,rice wild,2,1,4
26,pickle coles,2,1,21
27,daawat,1,1,2
28,lsa meal,2,1,4
29,treasure nappy,2,1,0
30,carmans protein,2,1,16
31,methyla,1,1,1
32,bsc salted,2,1,3
33,vegie juice,2,1,20
34,colgate mouthwash,2,1,14
35,biscuits finger,2,1,12
36,parmeson cheese,2,1,22
37,floor earth,2,1,2
38,betadine gargles,2,1,2
39,coles migoreng,2,1,3
40,shape bbq,2,1,3
41,omo capsul,2,1,11
42,probiotics tablets,2,1,18
43,lifestyle bakery,2,1,1
44,hair receipe,2,1,18
45,book labels,2,1,0
46,dried coco,2,1,6
47,auntie kaths,2,1,3
48,chips frozen,2,1,10
49,zero sprite,2,1,9
50,iron spray,2,1,4
51,pineapple juic,2,1,37
52,bistos,1,1,2
53,beef burge,2,1,0
54,minced pie,2,1,2
55,garland figs,2,1,1
56,meb greek,2,1,1
57,mop oates,2,1,8
58,chocolate prinkle,2,1,1
59,worcestershire sauce,2,1,5
60,coles cornflak,2,1,2
61,sorbolene,1,1,4
62,schmackos liver,2,1,3
63,powerade zero,2,1,3
64,pea milk,2,1,11
65,dark tan,2,1,9
66,milk formular,2,1,21
67,mushroom chips,2,1,4
68,sun newspaper,2,1,101
69,caramel waffle,2,1,1
70,cans v,2,1,"1,329"
71,masterfood marinades,2,1,5
72,kitchen towel,2,1,559
73,pilot pens,2,1,14
74,fruit cocktails,2,1,1
75,lemongrass lime,2,1,3
76,pie cheese,2,1,6
77,fresh wraps,2,1,10
78,ipa,1,1,26
79,cottees cans,2,1,5
80,dishwasher wash,2,1,7
81,patties bit,2,1,0
82,garlic marinade,2,1,8
83,harpic whit,2,1,5
84,gold tipped,2,1,4
85,sushi roll,2,1,0
86,linghams,1,1,8
87,dark buttons,2,1,1
88,coffee milk,2,1,45
89,stone bread,2,1,27
90,bbq crun,2,1,3
91,apple scroll,2,1,14
92,centrum men,2,1,2
93,froze fish,2,1,38
94,huggies unisex,2,1,7
95,detol liq,2,1,0
96,chocolate pops,2,1,9
97,herbert ada,2,1,1
98,baby fabric,2,1,23
99,nair cream,2,1,4
100,white pot,2,1,1
101,butterscotch popcorn,2,1,0
102,magnesium calcium,2,1,3
103,lettuce leafs,2,1,5
104,decor glass,2,1,6
105,tea twinnings,2,1,60
106,aioli s,2,1,"1,087"
107,hot chick,2,1,9
108,broccolli,1,1,2
109,blue tape,2,1,3
110,vittoria esp,2,1,3
111,dov,1,1,0
112,farmhouse mil,2,1,4
113,tempters tuna,2,1,22
114,kleenex soothe,2,1,41
115,takoyaki,1,1,1
116,smoke cheese,2,1,13
117,musli bars,2,1,505
118,allen pin,2,1,0
119,cracker captains,2,1,3
120,dog bacon,2,1,5
121,pastry puffs,2,1,14
122,your favourite,2,1,10
123,zero sugar,2,1,53
124,women bonds,2,1,22
125,colgate freshmint,2,1,3
126,hair style,2,1,178
127,crushed garli,2,1,2
128,maybelline colo,2,1,5
129,crispy squid,2,1,1
130,large santoku,2,1,3
131,clip fresh,2,1,4
132,tri capsicum,2,1,1
133,splash,1,1,15
134,water bottles,2,1,27
135,chocolate mould,2,1,2
136,essences,1,1,73
137,cashmere vanilla,2,1,21
138,zinc,2,1,27
139,cake topping,2,1,70
140,dog chewz,2,1,9
141,vegi delight,2,1,16
142,men deoderant,2,1,303
143,yogurt frozen,2,1,7
144,cottoneye pads,2,1,16
145,dry erase,2,1,0
146,candle wax,2,1,133
147,broccoli baby,2,1,11
148,arnott choc,2,1,12
149,vitamine juice,2,1,2
150,salmon froz,2,1,1
151,fermented cabbage,2,1,0
152,chobani blue,2,1,1
153,tasty slice,2,1,24
154,vegan schnitzels,2,1,1
155,coles fairy,2,1,3
156,chargrill,1,1,6
157,chili salami,2,1,2
158,past sauce,2,1,157
159,mushroom mince,2,1,0
160,tim ta,2,1,13
161,bread giant,2,1,0
162,kikkoma,1,1,9
163,organic bellies,2,1,31
164,cottee strawberry,2,1,1
165,masterfood marinade,2,1,5
166,sausage base,2,1,46
167,fresh burst,2,1,4
168,oob,1,1,6
169,suisse,1,1,0
170,mature cheddar,2,1,7
171,snacks gluten,2,1,78
172,nappy ba,2,1,4
173,lindt chocol,2,1,57
174,light thic,2,1,3
175,mayonnaise whol,2,1,14
176,bread bun,2,1,12
177,soy coffee,2,1,50
178,raw beetroo,2,1,1
179,lichtenstein bread,2,1,0
180,aoli,1,1,1
181,carrot coles,2,1,22
182,formula nan,2,1,12
183,sparkling coco,2,1,0
184,snow pea,2,1,2
185,paracetamol caplets,2,1,8
186,soap handwash,2,1,120
187,champinins,1,1,0
188,lice lotion,2,1,1
189,rice sugar,2,1,3
190,mazetti,1,1,6
191,organic lite,2,1,1
192,shredded cereal,2,1,53
193,carriot,1,1,2
194,chilli dry,2,1,13
195,teaspoon,1,1,2
196,coon slic,2,1,106
197,straightening brush,2,1,1
198,pencil lea,2,1,13
199,food pack,2,1,192
200,fruits fruit,2,1,"1,047"
201,organic only,2,1,120
202,cake cook,2,1,51
203,boiled,1,1,0
204,passata tomato,2,1,15
205,soft jellies,2,1,12
206,milk uht,2,1,25
207,tomato di,2,1,2
208,oreos cream,2,1,18
209,bellamy apple,2,1,5
210,active water,2,1,6
211,mushroom portabella,2,1,0
212,custard choc,2,1,10
213,chutney,1,1,30
214,onion shallot,2,1,1
215,millet,1,1,0
216,garden coriander,2,1,2
217,middle ham,2,1,17
218,coles muslie,2,1,0
219,microfibe,1,1,20
220,weebix,1,1,0
221,sodium,1,1,1
222,margarine fairy,2,1,1
223,polishing cloth,2,1,15
224,rown rice,2,1,80
225,smokey bbq,2,1,11
226,chocolate syr,2,1,"1,020"
227,nba cards,2,1,1
228,two minute,2,1,41
229,bostik glue,2,1,3
230,bosistos bathroom,2,1,1
231,cake heart,2,1,2
232,outdoor,1,1,44
233,coffee filter,2,1,2
234,yoghurt natura,2,1,68
235,onion shallots,2,1,1
236,banana froze,2,1,5
237,forest hill,2,1,0
238,chicken breasr,2,1,893
239,middle bacon,2,1,6
240,lite smooth,2,1,5
241,tabouli,1,1,5
242,chunke,1,1,144
243,apricot j,2,1,80
244,hair gummies,2,1,5
245,meal replacement,2,1,15
246,bub organic,2,1,5
247,caramel fill,2,1,4
248,anti bact,2,1,1
249,chilly sauce,2,1,59
250,easy entertainment,2,1,26
251,bluebe,1,1,1
252,harvest seaweed,2,1,57
253,pak choy,2,1,2
254,shredded cocconut,2,1,3
255,fruit pouches,2,1,17
256,real iced,2,1,108
257,dutch potato,2,1,1
258,rolls brioche,2,1,8
259,vanilla sponge,2,1,2
260,banana crisps,2,1,7
261,mince meals,2,1,40
262,greek yogu,2,1,33
263,ajax kitchen,2,1,2
264,margarit,1,1,6
265,aerogard odourless,2,1,4
266,beef cubes,2,1,5
267,heinz garl,2,1,1
268,ironing covers,2,1,1
269,edgell beetroo,2,1,5
270,bean heinz,2,1,32
271,thin pad,2,1,22
272,marjorine,1,1,1
273,defiance,1,1,3
274,soup instant,2,1,18
275,lambs shanks,2,1,9
276,garnier nutriss,2,1,23
277,tissues car,2,1,8
278,quiche lor,2,1,8
279,flour tipo,2,1,1
280,talcum p,2,1,82
281,veggs,1,1,0
282,trill millet,2,1,0
283,fish capsule,2,1,15
284,mclaren val,2,1,12
285,beef tin,2,1,26
286,espa,1,1,4
287,odour eate,2,1,11
288,coconut veg,2,1,5
289,irresistable chocolate,2,1,51
290,knitting,1,1,1
291,walters nougat,2,1,1
292,colgate sensit,2,1,8
293,grill rub,2,1,3
294,parsons,1,1,3
295,gluten frozen,2,1,11
296,colby ch,2,1,20
297,sauce pan,2,1,2
298,movies,1,1,2
299,maybelline blush,2,1,2
300,bundaberg passionfruit,2,1,2
301,ginger cake,2,1,2
302,garlic,2,1,235
303,herb garlic,2,1,67
304,sunbeam sultana,2,1,8
305,streets cyclone,2,1,1
306,cheddar shredded,2,1,7
307,moccona classics,2,1,19
308,dome,1,1,2
309,traditional rolled,2,1,9
310,pork meal,2,1,25
311,dried soup,2,1,19
312,onions b,2,1,317
313,massel v,2,1,4
314,beanies mnd,2,1,0
315,spirits,1,1,439
316,sole ma,2,1,0
317,irrewarra,1,1,3
318,antico,1,1,0
319,bref euca,2,1,4
320,australian fet,2,1,8
321,ornament,1,1,0
322,bond st,2,1,0
323,qp,1,1,6
324,maccona latte,2,1,5
325,v peac,2,1,1
326,baby powd,2,1,101
327,soy crackers,2,1,6
328,coles freshener,2,1,7
329,kellogs cereals,2,1,51
330,washing b,2,1,721
331,nivea facewash,2,1,17
332,wings kg,2,1,83
333,love bit,2,1,0
334,sweet por,2,1,439
335,lamb gravy,2,1,9
336,hans turkey,2,1,0
337,dark kitkat,2,1,5
338,colgate s,2,1,"1,182"
339,apple mang,2,1,9
340,eggs free,2,1,45
341,frozen four,2,1,12
342,abbots village,2,1,2
343,white potato,2,1,2
344,macleans milk,2,1,0
345,dairy fr,2,1,3
346,mince orga,2,1,3
347,mediterranean,1,1,104
348,cd,1,1,9
349,bicarbonate,1,1,4
350,san pell,2,1,1
351,scotts pies,2,1,1
352,curry hot,2,1,5
353,tweezer,1,1,5
354,natural conditioner,2,1,43
355,chixken,1,1,1
356,frozen balance,2,1,59
357,sunday her,2,1,0
358,gluten spa,2,1,1
359,cocktail tomatoes,2,1,1
360,mix hosiery,2,1,44
361,sweetbread,1,1,0
362,eyes bird,2,1,97
363,tiora tea,2,1,15
364,cheese hava,2,1,0
365,self raisif,2,1,14
366,beckmann,1,1,6
367,ice pack,2,1,166
368,bites,2,1,122
369,spspagetti,1,1,0
370,spelt wholemeal,2,1,3
371,maize mea,2,1,6
372,avent bottles,2,1,2
373,mexican masterfoods,2,1,2
374,pants nappies,2,1,47
375,veg rice,2,1,39
376,moconna vanilla,2,1,0
377,longlighter,1,1,3
378,kids greek,2,1,7
379,milk thermometer,2,1,5
380,tamarind paste,2,1,1
381,country split,2,1,1
382,choc cooking,2,1,23
383,deli pl,2,1,14
384,hearty veg,2,1,4
385,loreal plum,2,1,2
386,self raiseing,2,1,14
387,v power,2,1,2
388,bakers chocolate,2,1,7
389,corriander pow,2,1,0
390,falsies,1,1,5
391,anri stress,2,1,7
392,nichols chicken,2,1,0
393,womens shaving,2,1,87
394,mortein indoor,2,1,4
395,chocolate melts,2,1,8
396,hansels,1,1,4
397,cotton candy,2,1,2
398,canary seeds,2,1,13
399,baby broccoli,2,1,11
400,cub walker,2,1,12
401,coles softener,2,1,2
402,deli tun,2,1,34
403,bean pas,2,1,284
404,plated meals,2,1,17
405,diet lime,2,1,6
406,vodaphone,1,1,5
407,neutrogena suns,2,1,6
408,mushrooms shitake,2,1,4
409,sliced hot,2,1,49
410,lcm chocolate,2,1,4
411,loreal con,2,1,57
412,pizza mix,2,1,80
413,epsom salt,2,1,3
414,apple pink,2,1,9
415,raffertys sticks,2,1,4
416,apes,1,1,8
417,triple butter,2,1,3
418,wiped,1,1,124
419,otto,1,1,0
420,optimum healthy,2,1,114
421,appl sauce,2,1,4
422,bush tucker,2,1,9
423,light cheese,2,1,22
424,scotch bis,2,1,7
425,erasable,1,1,13
426,chili pas,2,1,18
427,mini mallow,2,1,1
428,coca sugar,2,1,19
429,cotton super,2,1,4
430,slade,1,1,0
431,pasta sa,2,1,0
432,continental no,2,1,203
433,carman bircher,2,1,25
434,bao,1,1,10
435,leek pie,2,1,6
436,jorda,1,1,0
437,macro bread,2,1,1
438,himala,1,1,21
439,pureharvest muesli,2,1,40
440,moutain dew,2,1,5
441,onions,2,1,143
442,dentas,1,1,7
443,toddler,2,1,50
444,lemon flavouring,2,1,21
445,coles pre,2,1,40
446,glad,2,1,35
447,moroccan seasoning,2,1,3
448,box juice,2,1,5
449,bamboo with,2,1,32
450,blackmore probiotic,2,1,3
451,mixed beans,2,1,15
452,coles peanutbutter,2,1,32
453,ultra gel,2,1,6
454,upholstery cleaner,2,1,0
455,vaalia yogh,2,1,16
456,lenonade,1,1,0
457,stacey pita,2,1,20
458,dishes,1,1,98
459,juice healthy,2,1,3
460,mild sticks,2,1,6
461,ant kill,2,1,2
462,nando rub,2,1,3
463,buns brioche,2,1,8
464,jelly port,2,1,3
465,cuddle cow,2,1,1
466,grape juice,2,1,3
467,crunchie nut,2,1,22
468,glass noodle,2,1,1
469,cup fruit,2,1,30
470,chokoes,1,1,0
471,rose chocolate,2,1,3
472,lentil mckenzie,2,1,6
473,pear fruit,2,1,43
474,machine magic,2,1,2
475,lomo,1,1,1
476,breeders choice,2,1,5
477,dermeese cream,2,1,4
478,dried fid,2,1,63
479,pilates ring,2,1,25
480,sausage,2,1,132
481,syurp,1,1,2
482,sea weed,2,1,2
483,hair wrap,2,1,14
484,dog salmon,2,1,15
485,greek coffee,2,1,2
486,organic cider,2,1,4
487,pockets pita,2,1,3
488,elderflower c,2,1,133
489,aeroplane lime,2,1,3
490,felt pads,2,1,0
491,should,1,1,0
492,garlic mus,2,1,236
493,beetroot sla,2,1,0
494,sonic,1,1,2
495,finger buns,2,1,2
496,wraps simsons,2,1,23
497,vegan eggs,2,1,1
498,broccollini,1,1,2
499,insulated cups,2,1,1
500,batchelors,1,1,2
501,automatic indoor,2,1,39
502,bake potato,2,1,7
503,pampas pastry,2,1,8
504,beauty sponge,2,1,65
505,pepsie,1,1,29
506,yak,1,1,4
507,cocao,1,1,2
508,bites weetbix,2,1,122
509,devondale ski,2,1,8
510,dip black,2,1,34
511,mermaid cones,2,1,9
512,shortbread,1,1,13
513,mirror,1,1,4
514,french dres,2,1,4
515,lozeng,1,1,63
516,pea snack,2,1,20
517,chens,1,1,9
518,yoga mat,2,1,3
519,patak tandoori,2,1,2
520,cat chicken,2,1,94
521,orange oil,2,1,3
522,shiwer cap,2,1,2
523,coles worcestershire,2,1,1
524,frozen bolognase,2,1,1
525,straigh,1,1,20
526,indian vegetable,2,1,52
527,toothbrush child,2,1,3
528,sunrice basmati,2,1,5
529,drynights,1,1,81
530,slender,1,1,6
531,broccoli f,2,1,44
532,glassware,1,1,12
533,style salad,2,1,34
534,sausages vegan,2,1,33
535,vanilla can,2,1,14
536,frozen yoghurt,2,1,7
537,yumi avo,2,1,2
538,masterfood spaghetty,2,1,5
539,moth pantry,2,1,1
540,maybelline full,2,1,1
541,cake toppings,2,1,70
542,cottonbuds,1,1,12
543,cheese sada,2,1,0
544,onion oil,2,1,1
545,pomegranite,1,1,23
546,barry,1,1,5
547,yoghurt flip,2,1,6
548,carbonarra,1,1,19
549,arnotts mont,2,1,2
550,coles liners,2,1,6
551,kirks sugarfree,2,1,5
552,poptarts,1,1,1
553,saltanas organics,2,1,6
554,annalisa tomatoes,2,1,2
555,instant cup,2,1,40
556,quinoa and,2,1,38
557,ogx argan,2,1,15
558,lamb backstrao,2,1,2
559,nivea sen,2,1,6
560,burrat,1,1,1
561,slaw,1,1,11
562,mums tomato,2,1,1
563,goats soap,2,1,8
564,plant wisdom,2,1,17
565,cobs lightly,2,1,5
566,washing spray,2,1,9
567,marvellous,1,1,10
568,brow satin,2,1,5
569,mums,1,1,12
570,diced trop,2,1,54
571,rexona women,2,1,28
572,farmer pork,2,1,9
573,disinfectant bleach,2,1,6
574,betty pudding,2,1,8
575,skinless cocktail,2,1,2
576,stroganoff sauce,2,1,3
577,potato loos,2,1,5
578,milk pot,2,1,27
579,soya meat,2,1,6
580,mckenzie tapioca,2,1,1
581,rice spray,2,1,1
582,norco cream,2,1,0
583,passage,1,1,23
584,mayo whole,2,1,7
585,sockette,1,1,2
586,hengshun chinkiang,2,1,1
587,popcorns bars,2,1,1
588,pro chef,2,1,0
589,kid food,2,1,160
590,neptune fro,2,1,2
591,vaginal wash,2,1,12
592,simple skin,2,1,10
593,beans sprout,2,1,3
594,laquer,1,1,1
595,biscoff cookies,2,1,3
596,muffins tray,2,1,2
597,nibble wings,2,1,3
598,vege twists,2,1,16
599,buscopan forte,2,1,1
600,lean cusine,2,1,15
601,original bbq,2,1,7
602,carismas,1,1,2
603,chilli lindt,2,1,1
604,water infusions,2,1,155
605,almonds ground,2,1,0
606,instant patato,2,1,2
607,baked smiths,2,1,4
608,coles pastel,2,1,5
609,bonds legging,2,1,4
610,prawn off,2,1,9
611,vaseline intensive,2,1,4
612,unsweetened alm,2,1,14
613,gardening australia,2,1,0
614,portugese tart,2,1,0
615,kantong curry,2,1,5
616,browns dairy,2,1,9
617,carb wrap,2,1,13
618,parmesan dip,2,1,1
619,cheese chives,2,1,16
620,camomile twin,2,1,1
621,root beer,2,1,1
622,frozen veggies,2,1,628
623,the grove,2,1,5
624,onion saver,2,1,1
625,bamboo too,2,1,3
626,bath bom,2,1,42
627,dimsim,1,1,10
628,vileda sponge,2,1,5
629,parsley thyme,2,1,31
630,flossactio,1,1,1
631,sensodyne daily,2,1,4
632,wonder cloth,2,1,1
633,chicken shreded,2,1,11
634,treat bags,2,1,22
635,chicken loaf,2,1,1
636,lime yoghurt,2,1,5
637,peas coles,2,1,18
638,nuggets kg,2,1,10
639,mixed grill,2,1,3
640,carrots baby,2,1,25
641,bag laundry,2,1,0
642,pads heavy,2,1,10
643,green bag,2,1,38
644,creamy classic,2,1,24
645,bread orga,2,1,2
646,arnott cookies,2,1,443
647,salsa medium,2,1,3
648,angus burgers,2,1,25
649,kitchen gadgets,2,1,65
650,free glasses,2,1,7
651,curry rice,2,1,15
652,pumpkin ris,2,1,2
653,milkshake,1,1,4
654,apple loose,2,1,10
655,koi spray,2,1,2
656,prepack,1,1,120
657,sizzle beef,2,1,3
658,beauty planet,2,1,1
659,photos fram,2,1,0
660,borax,1,1,1
661,disposal glove,2,1,10
662,nature pulses,2,1,4
663,chocolate thins,2,1,3
664,kingst,1,1,1
665,multigrain san,2,1,2
666,primo cacciator,2,1,9
667,mouthwas,1,1,40
668,glen berry,2,1,18
669,macha,1,1,8
670,bolognase bake,2,1,2
671,toasting loaf,2,1,10
672,heinz kids,2,1,4
673,greens pudd,2,1,10
674,sesame crackers,2,1,8
675,vital whey,2,1,37
676,brown black,2,1,11
677,tape refill,2,1,2
678,moiras,1,1,5
679,yogurt tubs,2,1,5
680,red spli,2,1,5
681,tape strapping,2,1,3
682,patties patty,2,1,15
683,chocolate figures,2,1,0
684,twining lemon,2,1,5
685,squeegee,1,1,1
686,mandarin kids,2,1,11
687,canary,1,1,2
688,orange melon,2,1,0
689,pickle ginger,2,1,1
690,seaweed crackers,2,1,4
691,ice lemonade,2,1,2
692,icecream caramel,2,1,50
693,girls briefs,2,1,19
694,edgell creamed,2,1,2
695,wasabi kewpie,2,1,1
696,dolma,1,1,1
697,saucepan,1,1,8
698,frozen gems,2,1,44
699,goat conditioner,2,1,2
700,roll pastry,2,1,6
701,yoplait peti,2,1,4
702,stock pho,2,1,4
703,puree spc,2,1,3
704,uncrystallised,1,1,2
705,fruit snack,2,1,156
706,edgell cap,2,1,2
707,skin hair,2,1,24
708,original mead,2,1,1
709,sweet honey,2,1,50
710,activated,1,1,122
711,queen sprinkle,2,1,2
712,squid ring,2,1,2
713,cushion,1,1,9
714,herbs italian,2,1,10
715,christmas tin,2,1,0
716,snack co,2,1,13
717,regular tortillas,2,1,3
718,sugar f,2,1,3
719,biscuit premium,2,1,18
720,maries biscuits,2,1,2
721,cranberries s,2,1,15
722,heinz bb,2,1,127
723,deli ham,2,1,19
724,fleece hoodie,2,1,1
725,scooby snacks,2,1,21
726,laundry,1,1,308
727,chicken crimpies,2,1,48
728,cadbury hot,2,1,2
729,marshmallo,1,1,12
730,rockmelon half,2,1,1
731,haage,1,1,2
732,dog foo,2,1,119
733,spirax,1,1,0
734,dumpling sheet,2,1,2
735,eye pencil,2,1,46
736,radio,1,1,2
737,weatbix kids,2,1,1
738,spray glitter,2,1,2
739,lip serum,2,1,8
740,rascal unisex,2,1,5
741,sesame vita,2,1,37
742,simmer sauces,2,1,49
743,sponge scou,2,1,62
744,detergent laundry,2,1,310
745,crimpy,1,1,3
746,yogourt kids,2,1,16
747,hazelnut flour,2,1,3
748,shortcrust pastry,2,1,4
749,watere,1,1,257
750,coleslaw dress,2,1,2
751,carrot hi,2,1,2
752,haldirams samosa,2,1,0
753,dried garlic,2,1,1
754,nivea cleansing,2,1,14
755,coles allergy,2,1,3
756,sherbie,1,1,4
757,lindt easter,2,1,79
758,cream men,2,1,13
759,wedges potato,2,1,2
760,ham free,2,1,14
761,pears handwash,2,1,1
762,pavlova fruit,2,1,20
763,pitted pruned,2,1,12
764,italiano bakes,2,1,2
765,arnotts bisciuts,2,1,120
766,face,1,1,388
767,ingham tenders,2,1,14
768,chicken fried,2,1,16
769,cheese baco,2,1,35
770,cole roasted,2,1,102
771,l battery,2,1,482
772,organic rump,2,1,3
773,heat spray,2,1,5
774,sauce bla,2,1,0
775,pellegrino,1,1,1
776,john west,2,1,82
777,masterfood,1,1,172
778,herb pas,2,1,4
779,magnum white,2,1,4
780,ostelin tablets,2,1,4
781,parsley herbs,2,1,9
782,natures chicken,2,1,29
783,ritz crac,2,1,9
784,tko insect,2,1,3
785,truss tomat,2,1,4
786,large shell,2,1,5
787,chip potato,2,1,99
788,bake powder,2,1,10
789,multix e,2,1,55
790,prepacked meals,2,1,9
791,sesames seeds,2,1,11
792,raspberry bullets,2,1,4
793,rack lam,2,1,2
794,orka,1,1,0
795,bathing towel,2,1,1
796,philadelphia tub,2,1,2
797,butto,1,1,1
798,harpic blue,2,1,3
799,sugo,1,1,6
800,earth sof,2,1,2
801,bacon bun,2,1,4
802,rice flower,2,1,1
803,tooth macleans,2,1,195
804,beef booster,2,1,168
805,tin pea,2,1,23
806,neuofen,1,1,0
807,wip,1,1,1
808,butter devonda,2,1,6
809,red leices,2,1,5
810,continental bolog,2,1,1
811,handy andy,2,1,1
812,arnott raspberry,2,1,5
813,cheddar dairy,2,1,98
814,beyond cat,2,1,40
815,cornflours,1,1,2
816,sliced silverside,2,1,7
817,hot sriracha,2,1,4
818,dates med,2,1,127
819,arnotts granitas,2,1,1
820,inflatables,1,1,0
821,vanilla extraxt,2,1,10
822,itunes,2,1,3
823,choc oreos,2,1,4
824,pho inspired,2,1,5
825,lidde,1,1,6
826,ivans pies,2,1,5
827,coles sause,2,1,4
828,malt mil,2,1,14
829,fish coating,2,1,1
830,milk sk,2,1,0
831,among,1,1,0
832,hazelnut dark chocolate,3,2,47
833,advanced dog food,3,2,362
834,smith sweet chilli,3,2,60
835,moconna coffee capsules,3,2,106
836,glutenfree pancake mix,3,2,8
837,mixed leaf mix,3,2,3
838,lactose free yoghurts,3,2,19
839,frozen orange juice,3,2,24
840,coles sizzle stea,3,2,3
841,lindt lindor str,3,2,0
842,salt pepper chips,3,2,24
843,coffee nescafe,3,2,63
844,gluten free youghurt,3,2,9
845,almond mini icecream,3,2,3
846,kotex pads overnight,3,2,30
847,ice no sugar,3,2,48
848,pies twenty,3,2,87
849,bosisto roll on,3,2,0
850,natures organic conditioner,3,2,8
851,sparkling coconut water,3,2,8
852,veges for soup,3,2,0
853,frozen sliced b,3,2,10
854,snack plastic bags,3,2,43
855,sunflower oil l,3,2,7
856,soda water in,3,2,8
857,morning fresh dish,3,2,4
858,u protein powder,3,2,69
859,so good almond,3,2,14
860,licorice dark twist,3,2,9
861,corn chips salsa,3,2,1
862,stir fry vegetables,3,2,13
863,men hair gel,3,2,56
864,red rock caramelised,3,2,38
865,fetta coles frozen,3,2,121
866,goulburn valley fruit,3,2,12
867,john west salm,3,2,82
868,period pad coles,3,2,20
869,coles frozen prawn,3,2,24
870,oates massive mop,3,2,8
871,nivea invisible deodorant,3,2,34
872,coconut hair oil,3,2,55
873,mosquito plug in,3,2,3
874,red tractor paleo,3,2,33
875,baked beans sp,3,2,1
876,golden north twins,3,2,0
877,bird eye fries,3,2,97
878,orange mango coles,3,2,3
879,freeze dried miso,3,2,51
880,coles corn niblets,3,2,37
881,souvlaki and pizza,3,2,1
882,rexona womens deodorant,3,2,20
883,beef stock p,3,2,19
884,coles roast gravy,3,2,23
885,vittoria coffee kg,3,2,45
886,rspca chicken fillets,3,2,11
887,chocolate cooking b,3,2,63
888,nrl work sox,3,2,2
889,eggs free range,3,2,31
890,chips and cheese,3,2,24
891,yogurt dairy farmer,3,2,59
892,coles dishwashing tablets,3,2,40
893,greens pancake shake,3,2,9
894,fig and cam,3,2,3
895,frozen mixed berry,3,2,38
896,toilet power gel,3,2,25
897,brown flax seeds,3,2,1
898,taco seasoning mix,3,2,6
899,bosistios multipurpose cleaner,3,2,1
900,water ice,3,2,15
901,coles can drink,3,2,59
902,always fresh mini,3,2,5
903,earth washing conc,3,2,6
904,chicken vege pies,3,2,3
905,coles coconut cream,3,2,128
906,ixl forest fruits,3,2,1
907,coles ham,3,2,77
908,chocolate shells guylian,3,2,2
909,hand wash liuid,3,2,123
910,tomato bolognaise sauce,3,2,114
911,olay regenerist adva,3,2,31
912,party pies sausage,3,2,10
913,eggs farm fresh,3,2,9
914,red capsicum,3,2,5
915,masterfood barbecue sauce,3,2,53
916,curry paste red,3,2,5
917,lamb mini roast,3,2,2
918,chunky tomato salsa,3,2,19
919,steggles garlic chicken,3,2,1
920,coles beef blade,3,2,6
921,caramel top fill,3,2,1
922,american bbq sl,3,2,3
923,coles tuna smoke,3,2,3
924,cedel dry shampoo,3,2,66
925,cadburys curly wurly,3,2,2
926,hot water bottle,3,2,2
927,tinned salmon john,3,2,11
928,rolled oats quick,3,2,21
929,canned baby carrots,3,2,25
930,coles cloudy apple,3,2,0
931,bega cheese s,3,2,31
932,lindt orange chocolate,3,2,68
933,uncle toby oat,3,2,35
934,pear and cinnamon,3,2,3
935,heritage mills bars,3,2,8
936,twinings pure camo,3,2,8
937,straight cut potato,3,2,25
938,celebrate health,3,2,5
939,twinings pure camomile,3,2,2
940,prawns tails off,3,2,6
941,nivea sensitive deoderant,3,2,16
942,can pie apple,3,2,9
943,whiskas can cat,3,2,13
944,coke cola can,3,2,119
945,plant based meat,3,2,15
946,pink lady loose,3,2,9
947,vileda mop bucket,3,2,2
948,light soy sau,3,2,3
949,french salad dressing,3,2,4
950,brown sugar cinnamon,3,2,2
951,pretzel peanut butter,3,2,4
952,uncle toby anti,3,2,1
953,campbell corn soup,3,2,2
954,coles natural macadamia,3,2,74
955,gravox cheese sauc,3,2,1
956,coles ziplock bag,3,2,79
957,gravox white sauce,3,2,1
958,uncle tobys brea,3,2,4
959,lactose free coles,3,2,4
960,devondale cheese block,3,2,64
961,resealable bag med,3,2,9
962,oats spray mop,3,2,4
963,triple chocolate muffins,3,2,3
964,my dog crafted,3,2,38
965,forme no fat,3,2,3
966,chocolate chip bisc,3,2,13
967,pure natural coconut,3,2,32
968,vegie delights nut,3,2,8
969,banana split icecream,3,2,1
970,plastic zip bag,3,2,4
971,coffee oro kg,3,2,2
972,dare flavoured milk,3,2,12
973,stir fry maggi,3,2,6
974,shortcut rindless bacon,3,2,25
975,dettol in hands,3,2,21
976,chicken cashew sauce,3,2,3
977,balsamic vinegar gl,3,2,16
978,libra regular pad,3,2,32
979,chicken flavour noodle,3,2,53
980,sharwoods asian pouch,3,2,0
981,coles spaghetti cabinara,3,2,13
982,kellogg special k,3,2,9
983,icecream on stick,3,2,10
984,angus beef sausages,3,2,12
985,pine cleen wipes,3,2,25
986,nestle golden rough,3,2,14
987,chicken thighs fillets,3,2,8
988,flour wholemeal sr,3,2,1
989,drumsticks ice cream,3,2,15
990,coles snap fro,3,2,23
991,saltana bran flakes,3,2,4
992,wash for sensitive,3,2,13
993,curash baby wipes,3,2,4
994,sunflower pumpkin seeds,3,2,22
995,coffee ground oro,3,2,45
996,campbell tomato soup,3,2,21
997,cocoa cola,3,2,43
998,plain greek yogurt,3,2,33
999,coles salmon portions,3,2,19
1000,cleaning wipes dettol,3,2,57
1001,special breakfast cereal,3,2,122
1002,patch adhesive bandages,3,2,5
1003,farmers market beef,3,2,25
1004,pork chops crum,3,2,8
1005,raspberry leaf tea,3,2,13
1006,choc chip brioche,3,2,66
1007,coles rainbow mallows,3,2,6
1008,tea tree sha,3,2,3
1009,lemon scented bags,3,2,13
1010,babylove night pants,3,2,16
1011,uncle tobys berry,3,2,7
1012,snack pack strawberry,3,2,65
1013,bubble and squ,3,2,9
1014,dine wet food,3,2,500
1015,steggles chicken schnitzel,3,2,37
1016,chilli lime dressing,3,2,2
1017,huggies pants boy,3,2,10
1018,white face washer,3,2,0
1019,dairy farmers vanilla,3,2,131
1020,spring lamb soup,3,2,1
1021,black food colour,3,2,1
1022,clives curry powder,3,2,5
1023,zafarelli fettucine,3,2,13
1024,xbox gift cards,3,2,0
1025,white sugar kg,3,2,26
1026,red pasta sauce,3,2,4
1027,pineapple pieces in,3,2,9
1028,continental chicken noo,3,2,9
1029,loreal excellence,3,2,30
1030,sugar free d,3,2,165
1031,gluten free cross,3,2,212
1032,soft chew peppermint,3,2,2
1033,gravox gravy mix,3,2,43
1034,dragon and phoe,3,2,1
1035,money for c,3,2,2
1036,natures way slimming,3,2,104
1037,bosisto laundry liquid,3,2,188
1038,peas carrots co,3,2,3
1039,stir fried vegetables,3,2,4
1040,chicken breasts,3,2,650
1041,sugar snap b,3,2,3
1042,buttermilk pancake mix,3,2,28
1043,white choc raspberry,3,2,12
1044,strawberry raspberry tea,3,2,19
1045,white wings gluten,3,2,3
1046,dog food fish,3,2,362
1047,aero chocolate block,3,2,151
1048,sweet chilli red,3,2,11
1049,cheese kg block,3,2,64
1050,white fondant icing,3,2,15
1051,leggos tomato squeezy,3,2,2
1052,dog canned food,3,2,322
1053,soft icing sugar,3,2,63
1054,heel balm gold,3,2,2
1055,rspca chicken thighs,3,2,83
1056,gluten free baked,3,2,97
1057,beef stock l,3,2,19
1058,micellar water garnier,3,2,14
1059,ice cream corn,3,2,10
1060,tampons with applicator,3,2,4
1061,cat food dine,3,2,45
1062,hot wheels mon,3,2,1
1063,roasted pumpkin dip,3,2,14
1064,brioche bun coles,3,2,4
1065,k fee capsules,3,2,56
1066,choc chip mue,3,2,8
1067,cancer council moisturising,3,2,26
1068,darrell lea bullets,3,2,7
1069,cereal fibre plus,3,2,3
1070,vege original multipack,3,2,1
1071,bird eye peas,3,2,14
1072,chicken breast lily,3,2,65
1073,sugar snap peas,3,2,3
1074,gillete fusion pro,3,2,1
1075,parmesan block cheese,3,2,64
1076,continental hot plate,3,2,10
1077,kellogs lcms kaleidos,3,2,2
1078,continental dutch curry,3,2,1
1079,farmer union yogurt,3,2,7
1080,original bbq sauce,3,2,3
1081,bbq tray lids,3,2,7
1082,organic cherry tomatoes,3,2,1
1083,a lite l,3,2,9
1084,coles chocolate sna,3,2,8
1085,coles frozen mango,3,2,2
1086,pumpkin soup cam,3,2,22
1087,brown rice basmati,3,2,2
1088,king island yoghurt,3,2,9
1089,multix greener alfoi,3,2,6
1090,pataks lime pickles,3,2,1
1091,treatment for worm,3,2,28
1092,mexican taco spice,3,2,29
1093,tumeric and coconut,3,2,3
1094,taft hair spray,3,2,73
1095,mars m peanuts,3,2,9
1096,carefree breathable liners,3,2,8
1097,coles christmas cards,3,2,1
1098,organic baby spin,3,2,5
1099,tom yum noo,3,2,11
1100,apple blackberry pie,3,2,15
1101,loreal la petite,3,2,0
1102,bulla low fat,3,2,30
1103,peas corn car,3,2,2
1104,air wick oil,3,2,89
1105,milk chocolate nestle,3,2,14
1106,pizza cheese cheese,3,2,22
1107,hommus and crackers,3,2,1
1108,coles oregano leav,3,2,1
1109,coles meat free,3,2,27
1110,blackmore superkids immune,3,2,2
1111,san remo angel,3,2,51
1112,kan tong peanut,3,2,1
1113,bin bag mediu,3,2,16
1114,chicken gravy mix,3,2,6
1115,turmeric nature way,3,2,3
1116,heritage mill cara,3,2,11
1117,coles chocolate fudge,3,2,6
1118,tempura chicken nuggets,3,2,2
1119,edgell black beans,3,2,20
1120,tea earl gray,3,2,11
1121,laundry liquid surf,3,2,6
1122,coca cola glass,3,2,3
1123,darrell lea caramel,3,2,1
1124,jarrah hot cho,3,2,4
1125,san remo trivelle,3,2,51
1126,weight watcher coc,3,2,5
1127,man size frozen,3,2,10
1128,coles bin bag,3,2,79
1129,mrs macs microwave,3,2,8
1130,mix frozen vegetable,3,2,37
1131,coles ikin billis,3,2,1
1132,super protein wellness,3,2,29
1133,coles chicken teriyaki,3,2,1
1134,dulce de leche,3,2,3
1135,dry roasted peanuts,3,2,19
1136,original cream cheese,3,2,8
1137,spreadable cream cheese,3,2,9
1138,vege deli crisps,3,2,6
1139,spelt and sprouted,3,2,1
1140,fresh flat bread,3,2,7
1141,poise super pads,3,2,26
1142,ps love you,3,2,2
1143,seeds bread,3,2,42
1144,tomato ketchup less,3,2,7
1145,deli breast fillet,3,2,7
1146,slow cook lamb,3,2,55
1147,coles kg peas,3,2,18
1148,permanent hair color,3,2,199
1149,baby love nappy,3,2,124
1150,milk skim long,3,2,11
1151,nivea deoderant roll,3,2,20
1152,white glo in,3,2,5
1153,banana bread mi,3,2,14
1154,vital wheat biscuits,3,2,3
1155,green olives coles,3,2,10
1156,obela double dips,3,2,1
1157,peanut butter unsa,3,2,117
1158,johnsons baby shampoo,3,2,597
1159,grain free cat,3,2,49
1160,iced black coffee,3,2,14
1161,on don sliced,3,2,16
1162,bread coles fibre,3,2,13
1163,coco pops,3,2,6
1164,marzena hair removal,3,2,1
1165,all butter,3,2,25
1166,coles chilled juice,3,2,55
1167,weight watchers cheese,3,2,5
1168,coles choc almonds,3,2,3
1169,chicken mt barker,3,2,75
1170,non alcoholic beer,3,2,22
1171,snacks for kids,3,2,98
1172,caster sugar s,3,2,5
1173,milky way choc,3,2,11
1174,moccona barista reserve,3,2,1
1175,bakers delight bread,3,2,26
1176,brown cups rice,3,2,10
1177,frozen pizza bases,3,2,29
1178,coles caramel cookie,3,2,16
1179,coles green aspa,3,2,32
1180,soft drinks pep,3,2,44
1181,frozen diced mango,3,2,11
1182,rice basmati br,3,2,2
1183,vol au ve,3,2,1
1184,bacon and leek,3,2,2
1185,golden circle tro,3,2,56
1186,coles bake creat,3,2,105
1187,tutto gluten free,3,2,2
1188,canned creamed corn,3,2,5
1189,apple cider ginger,3,2,1
1190,coles spudlite potatoes,3,2,53
1191,coles smoked pap,3,2,25
1192,paper towel prints,3,2,19
1193,lentil pea prorice,3,2,2
1194,mini sweet pin,3,2,0
1195,tasty bega slice,3,2,17
1196,snickers bar pack,3,2,351
1197,coffee moccona pack,3,2,24
1198,tuna sweet chili,3,2,1
1199,bluo liquid laundry,3,2,187
1200,onix heater,3,2,0
1201,schwarzkopf brilliance violet,3,2,2
1202,murray river organics,3,2,0
1203,impressed pressed juice,3,2,10
1204,chicken fillet breast,3,2,27
1205,semi permanent brown,3,2,31
1206,sliced bamboo shoots,3,2,1
1207,swisse daily immune,3,2,1
1208,flea small dog,3,2,14
1209,coles sliced ham,3,2,14
1210,maggi chinese bbq,3,2,1
1211,coffee beans decaf,3,2,1
1212,mans body spray,3,2,4
1213,unsalted butter,3,2,12
1214,nacho cheese corn,3,2,2
1215,hand cream nivea,3,2,3
1216,hand wash koi,3,2,9
1217,pea snap crisps,3,2,0
1218,coles frozen lasagne,3,2,11
1219,beef free meat,3,2,38
1220,soapcoles antibacterial foaming,3,2,1
1221,massaman thai cu,3,2,2
1222,cream in can,3,2,16
1223,kan tong sticky,3,2,17
1224,nature valley cocoa,3,2,14
1225,tea bags dilmah,3,2,13
1226,veg section bags,3,2,4
1227,rice coles cakes,3,2,2
1228,coles sour cream,3,2,5
1229,el paso stand,3,2,6
1230,bushells extra stro,3,2,2
1231,pureharvest oat milk,3,2,1
1232,colgate total advanced,3,2,6
1233,spicy chilli tuna,3,2,25
1234,banana tamar valley,3,2,1
1235,rubber gloves disposable,3,2,24
1236,cashew coles jumbo,3,2,2
1237,purina all wormer,3,2,11
1238,potato chips,3,2,99
1239,mixed dry frui,3,2,109
1240,dip french o,3,2,12
1241,glen disinfectant g,3,2,1
1242,thins lite tangy,3,2,1
1243,philadelphia light spreadable,3,2,2
1244,eco living straw,3,2,2
1245,cadbury choc bars,3,2,31
1246,beef pies coles,3,2,5
1247,cheese for crackers,3,2,82
1248,coles asparagus cuts,3,2,1
1249,bar choc chip,3,2,17
1250,coles bakery cookies,3,2,17
1251,bulla creamy clas,3,2,17
1252,natures organic c,3,2,32
1253,hot water b,3,2,2
1254,kids bubble bath,3,2,9
1255,butter western g,3,2,10
1256,cream of soup,3,2,10
1257,coles beef mince,3,2,26
1258,liquid coconut oil,3,2,4
1259,nice and natu,3,2,24
1260,kitchen tikka masala,3,2,10
1261,heritage mill apple,3,2,11
1262,salad asian style,3,2,47
1263,peanut butter sandwich,3,2,1
1264,just for man,3,2,5
1265,thai jasmine rice,3,2,25
1266,coles heavy duty,3,2,6
1267,gluten free from,3,2,313
1268,cheddar and crackers,3,2,25
1269,coles rinse aid,3,2,1
1270,tea bags breakfast,3,2,17
1271,coles extra tasty,3,2,1
1272,illy coffee pods,3,2,2
1273,sara lee i,3,2,14
1274,chicken breast small,3,2,7
1275,multigrain bread t,3,2,17
1276,chicken deli schnitzel,3,2,39
1277,milk norco l,3,2,0
1278,crackers for cheese,3,2,82
1279,choc chips cook,3,2,18
1280,western star butter,3,2,10
1281,toilet so soft,3,2,4
1282,domestos regular disinfectant,3,2,1
1283,nivea lip butter,3,2,6
1284,smash drink bottle,3,2,143
1285,supercoat puppy dry,3,2,8
1286,dairy milk cho,3,2,50
1287,scotts lawn builder,3,2,1
1288,morning sun natural,3,2,2
1289,coles washing capsules,3,2,1
1290,rye bread burgen,3,2,1
1291,mini almond classic,3,2,2
1292,koi body butter,3,2,1
1293,best ever burger,3,2,2
1294,vegetable and sausage,3,2,4
1295,jelly crystal lite,3,2,27
1296,tin whole beetroot,3,2,4
1297,ckicken instant noodles,3,2,116
1298,coles caster sugar,3,2,1
1299,colgate advanced white,3,2,20
1300,beef mince fettayleh,3,2,26
1301,vittoria coffee capsules,3,2,132
1302,apples pink lad,3,2,9
1303,socks bonds womens,3,2,25
1304,egg and potato,3,2,6
1305,sunrice original thic,3,2,3
1306,coles ultimate ice,3,2,47
1307,coles blue whiting,3,2,146
1308,coles finest choc,3,2,4
1309,carrot cake loaf,3,2,9
1310,jalna pouch of,3,2,4
1311,harpic blue power,3,2,3
1312,car phone holder,3,2,0
1313,coles fruit hot,3,2,11
1314,dettol wash hands,3,2,18
1315,uncle tobys porr,3,2,86
1316,coles coffe beans,3,2,34
1317,satay sauce mix,3,2,69
1318,coles peas cauliflower,3,2,1
1319,bulla light thickened,3,2,3
1320,bakery cream filled,3,2,8
1321,coles deli fetta,3,2,6
1322,air wick freesia,3,2,2
1323,plain flour gluten,3,2,28
1324,state of origin,3,2,0
1325,coles garbage bags,3,2,93
1326,cheese block vintage,3,2,64
1327,glamour and sparkle,3,2,2
1328,foster clark cust,3,2,3
1329,fudge hair wax,3,2,1
1330,choc chip scotch,3,2,66
1331,napolitana pasta sauce,3,2,2
1332,cheddar cheese st,3,2,0
1333,lightly dried corriander,3,2,8
1334,organic brown onions,3,2,1
1335,toffee ecan roulade,3,2,1
1336,old gold caramel,3,2,0
1337,birds eye chinese,3,2,1
1338,qi green tea,3,2,45
1339,yoghurt vanilla low,3,2,3
1340,slow beef brisket,3,2,4
1341,thank you nappy,3,2,15
1342,bbq chicken breast,3,2,2
1343,cold water infusions,3,2,5
1344,happy birthdays cakes,3,2,13
1345,fish skin on,3,2,5
1346,morning fresh h,3,2,27
1347,bow tie pasta,3,2,2
1348,ayam coconut cream,3,2,4
1349,m b,3,2,181
1350,concentrated laundry detergent,3,2,18
1351,chocolate block g,3,2,149
1352,perfect italiano shaved,3,2,1
1353,rice brown g,3,2,57
1354,peri peri mild,3,2,28
1355,arnotts shapes chi,3,2,6
1356,juice orange mango,3,2,11
1357,salt corn chip,3,2,9
1358,up go coffee,3,2,2
1359,banana bread mix,3,2,7
1360,cottees cordial lemon,3,2,12
1361,apricot and a,3,2,56
1362,macaroni cheese coles,3,2,4
1363,uncle toby choc,3,2,7
1364,coffee harris kg,3,2,1
1365,mini scotch fingers,3,2,1
1366,allens black cats,3,2,1
1367,be natural cereals,3,2,162
1368,green jasmine tea,3,2,2
1369,red velvet cake,3,2,7
1370,saxa salt iodised,3,2,6
1371,cheese and artisan,3,2,10
1372,sanitarium natural p,3,2,78
1373,dog food bowl,3,2,119
1374,chobani mango yogurt,3,2,6
1375,colgate plax peppermint,3,2,1
1376,women sport socks,3,2,18
1377,long life almond,3,2,20
1378,up go ener,3,2,3
1379,tomatoe pasta sauce,3,2,52
1380,mix frozen berry,3,2,38
1381,clip top jar,3,2,4
1382,argan oil treatment,3,2,71
1383,coles aaa batteries,3,2,2
1384,insect spray multi,3,2,9
1385,listerine teeth defense,3,2,1
1386,coles honey kg,3,2,38
1387,vanilla bean yog,3,2,9
1388,bulla frozen custard,3,2,5
1389,white melting chocolate,3,2,57
1390,pork loin f,3,2,15
1391,russian caravan tea,3,2,3
1392,nice natural nut,3,2,52
1393,organics wild berry,3,2,3
1394,coles ginger loose,3,2,11
1395,womens sleep set,3,2,13
1396,salad mix lea,3,2,14
1397,coffee ground lavazza,3,2,45
1398,organic baby porridge,3,2,273
1399,carman muesli natural,3,2,36
1400,soft drink lemonade,3,2,30
1401,elf on the,3,2,0
1402,free from ginger,3,2,1
1403,mini avo dip,3,2,6
1404,wa farmers first,3,2,0
1405,coles kitchen spaghetti,3,2,3
1406,tonic water diet,3,2,1
1407,muesli bars carmans,3,2,35
1408,uncle tobys m,3,2,86
1409,coles kg yoghurt,3,2,23
1410,coles mint biscuit,3,2,7
1411,dry shampoo bati,3,2,66
1412,coles anzac biscuits,3,2,3
1413,nivea irresistibly smooth,3,2,1
1414,honey soy wing,3,2,7
1415,red hair dyes,3,2,1
1416,my dog beans,3,2,20
1417,v p dog,3,2,6
1418,light tasty sanitarium,3,2,10
1419,frizz ease shampoo,3,2,12
1420,coles apple pie,3,2,3
1421,colgate soft toothbrushes,3,2,13
1422,honey vanilla tea,3,2,19
1423,dove sensitive shield,3,2,2
1424,sliced breast chicken,3,2,5
1425,herbal essences hello,3,2,7
1426,mild english mustard,3,2,8
1427,bulla vanilla i,3,2,9
1428,vanilla icecream cones,3,2,9
1429,maybelline the fals,3,2,1
1430,leggo stir through,3,2,4
1431,ice cream rasp,3,2,6
1432,praise roasted garlic,3,2,2
1433,roll ups berry,3,2,2
1434,coles plastic containers,3,2,26
1435,hamburger buns pack,3,2,1
1436,pete evans sauce,3,2,7
1437,coles mini m,3,2,68
1438,cereal snack bars,3,2,6
1439,fancy feast app,3,2,37
1440,hair and shoulder,3,2,64
1441,gift card playstation,3,2,0
1442,mixed chocolate bag,3,2,104
1443,de bortoli litre,3,2,20
1444,la espanola mild,3,2,3
1445,john west garlic,3,2,82
1446,pattu black pep,3,2,1
1447,make up pads,3,2,4
1448,devondale longlife milk,3,2,16
1449,ayam thai curry,3,2,9
1450,womens weekly magazine,3,2,8
1451,fluffy softener aqua,3,2,1
1452,up in go,3,2,32
1453,maybelline lash sen,3,2,6
1454,mr kiplings cherry,3,2,1
1455,baking white chocolate,3,2,14
1456,noodle in cup,3,2,42
1457,sugar free,3,2,165
1458,peri peri s,3,2,28
1459,slow cooker meals,3,2,5
1460,almond milk unsw,3,2,6
1461,coles juice chilled,3,2,55
1462,don honey ham,3,2,7
1463,clearasil gel wash,3,2,1
1464,eggs free jumbo,3,2,46
1465,red olive oil,3,2,6
1466,chocolate milky way,3,2,11
1467,stainless steel wipe,3,2,1
1468,soy ginger tuna,3,2,1
1469,iced coffee dare,3,2,11
1470,coles tissue facial,3,2,7
1471,diced tomatoes coles,3,2,60
1472,coles kitchen san,3,2,1
1473,be oven bake,3,2,12
1474,morning fresh ras,3,2,27
1475,coles cough medicine,3,2,80
1476,black eye beans,3,2,1
1477,devondale our extra,3,2,2
1478,pure air wick,3,2,19
1479,brown sugar loaded,3,2,15
1480,fruit with cherries,3,2,16
1481,real egg mayonnaise,3,2,3
1482,vanilla ice up,3,2,6
1483,food colour gel,3,2,4
1484,tuna in onion,3,2,5
1485,green cayenne chillies,3,2,1
1486,frozen pastry tart,3,2,7
1487,stir fried beef,3,2,9
1488,coles honey sausages,3,2,85
1489,shredded ham,3,2,2
1490,legs natural,3,2,137
1491,maggie beers pate,3,2,10
1492,curried sauce sauce,3,2,60
1493,natures way probiotics,3,2,11
1494,vintage cheddar slices,3,2,9
1495,swee condensed milk,3,2,6
1496,freedom foods coconut,3,2,39
1497,zip lock,3,2,14
1498,steggles chicken nibbles,3,2,7
1499,ice cream tu,3,2,8
1500,kbs salt,3,2,24
1501,apple blossom wipes,3,2,0
1502,pesto chicken salad,3,2,1
1503,schweppes blood orange,3,2,3
1504,barbeque chicken breast,3,2,65
1505,dapple dandy plums,3,2,1
1506,tasty sliced cheese,3,2,95
1507,coles topside roast,3,2,102
1508,coles apricot halves,3,2,1
1509,light philadelphia cheese,3,2,4
1510,dark choc chip,3,2,66
1511,baby rice cereal,3,2,11
1512,cheese mainland tasty,3,2,22
1513,maggi cottage pie,3,2,1
1514,m mix up,3,2,249
1515,beef spring roll,3,2,20
1516,grated pecorino cheese,3,2,45
1517,qv baby oil,3,2,212
1518,white washed potatoes,3,2,10
1519,salted caramel icecream,3,2,103
1520,moist coconut flakes,3,2,1
1521,daily fibre gummies,3,2,5
1522,bunnings gift cards,3,2,0
1523,chicken thigh coles,3,2,6
1524,sunrice rice cake,3,2,28
1525,wonder white brea,3,2,7
1526,earth choice spray,3,2,7
1527,coles caplet panadol,3,2,8
1528,gravox gravy chicken,3,2,3
1529,healthy tomato sauce,3,2,114
1530,cadbury freddo milky,3,2,8
1531,boss iced latte,3,2,3
1532,coles pasta sauc,3,2,85
1533,bond for baby,3,2,231
1534,sudocrem healing cream,3,2,3
1535,beans in chilli,3,2,8
1536,uber dark tan,3,2,3
1537,optimum adult g,3,2,31
1538,rocky road chocolate,3,2,10
1539,sweet potatoes prepacked,3,2,3
1540,kellogg rice bubbles,3,2,7
1541,chicken rolled roast,3,2,37
1542,a modo mio,3,2,5
1543,hair spray tresemme,3,2,73
1544,mango and vanilla,3,2,3
1545,shampoo for coloured,3,2,34
1546,anzac gluten free,3,2,313
1547,peanut crunchy butter,3,2,109
1548,women body spray,3,2,40
1549,scotch brite sponges,3,2,0
1550,orange juice mango,3,2,11
1551,dairy farmers milk,3,2,8
1552,helgas white bread,3,2,5
1553,italian ground coffee,3,2,2
1554,vegie crisps t,3,2,9
1555,golden circle juices,3,2,62
1556,salt reduced vege,3,2,41
1557,t toilet paper,3,2,31
1558,honey soy maggi,3,2,1
1559,australias own unsweetened,3,2,2
1560,chocolate chip cooki,3,2,60
1561,thick and creamy,3,2,16
1562,triple cream cheese,3,2,9
1563,water cracker coles,3,2,2
1564,fruit salad pack,3,2,7
1565,cat food chicken,3,2,94
1566,sweet and sauce,3,2,34
1567,frozen fish cakes,3,2,38
1568,beef real stock,3,2,22
1569,men multi vitamins,3,2,14
1570,colgate max fresh,3,2,2
1571,fairtrade coffee beans,3,2,43
1572,surface insect surface,3,2,97
1573,olives stuffed with,3,2,11
1574,coles satay s,3,2,6
1575,frozen birds eye,3,2,97
1576,steam fresh plus,3,2,13
1577,ocean spray r,3,2,15
1578,coles strawberry spread,3,2,8
1579,choc ultimate c,3,2,7
1580,vitamins natures way,3,2,88
1581,heinz garlic aioli,3,2,6
1582,salted roasted peanuts,3,2,38
1583,oyster in oil,3,2,4
1584,nivea men deod,3,2,19
1585,my dog fillets,3,2,10
1586,baked by laurent,3,2,11
1587,carmans porridge sac,3,2,9
1588,dairy milk hazelnut,3,2,17
1589,tea bags lipt,3,2,148
1590,coles breast chicken,3,2,28
1591,coles eggs pack,3,2,6
1592,scholl gel activ,3,2,4
1593,sugar soap e,3,2,4
1594,fruit cup cord,3,2,30
1595,arnotts jatz bis,3,2,2
1596,coles froze chips,3,2,53
1597,free from cheese,3,2,42
1598,bond underwear men,3,2,12
1599,long angel hair,3,2,5
1600,babylove sleepy nights,3,2,3
1601,light soya sauce,3,2,8
1602,fruit mince p,3,2,3
1603,continental kosher saus,3,2,0
1604,bullets white chocolate,3,2,3
1605,womens beauty products,3,2,257
1606,eden sesame bars,3,2,1
1607,yumi classic smokey,3,2,16
1608,chocolate wafer biscuit,3,2,10
1609,atkins nut chew,3,2,2
1610,ladies razor blades,3,2,81
1611,danone yopro strawberry,3,2,3
1612,frozen tuna bake,3,2,18
1613,cheese cracker snack,3,2,189
1614,chocolate party bag,3,2,40
1615,nestle choc bit,3,2,3
1616,coles instant noodles,3,2,116
1617,coles hot chi,3,2,1
1618,maxican style salsa,3,2,22
1619,margarine meadow lea,3,2,1
1620,coles cookies biscuits,3,2,68
1621,olay face wash,3,2,21
1622,nestle kitkat pieces,3,2,14
1623,bran flakes with,3,2,4
1624,minced garlic coles,3,2,24
1625,continental curry pasta,3,2,3
1626,sweet william dairy,3,2,6
1627,meat corned beef,3,2,18
1628,ice blocks cyclone,3,2,6
1629,yoghurt greek jaln,3,2,77
1630,pilpel garlic dip,3,2,10
1631,chicken tender steggle,3,2,55
1632,bbq frozen m,3,2,111
1633,corn chips doritos,3,2,11
1634,hot crossed bun,3,2,14
1635,cm wok,3,2,1
1636,reef suntan oil,3,2,5
1637,aldi salad,3,2,1
1638,mission corn c,3,2,11
1639,clumping cat litter,3,2,5
1640,coles dice tomato,3,2,53
1641,coles strawberry fruit,3,2,6
1642,cadbury chocolate powder,3,2,35
1643,cooked pork roast,3,2,22
1644,sunrice medium white,3,2,10
1645,sugar snap pea,3,2,3
1646,twinnings english tea,3,2,7
1647,bacon triple smoked,3,2,15
1648,spicy capsicum dip,3,2,3
1649,sultana and cranberry,3,2,2
1650,roasted sweet potato,3,2,3
1651,oral dental flos,3,2,93
1652,kan tong green,3,2,2
1653,coles honey pure,3,2,5
1654,lay potato chips,3,2,99
1655,peppermint spearmint tea,3,2,14
1656,latina veal tortellini,3,2,2
1657,rise of skywalk,3,2,0
1658,food colouring ge,3,2,9
1659,dettol antiseptic liquid,3,2,22
1660,coles italian tom,3,2,3
1661,j frozen fish,3,2,38
1662,roblox gift card,3,2,0
1663,remedy organic kombucha,3,2,7
1664,sweet potatoes chips,3,2,10
1665,dried mixed herbs,3,2,144
1666,nutri grain gold,3,2,8
1667,sprite can pack,3,2,5
1668,rascal and nappies,3,2,16
1669,strawberry raspberry loganberry,3,2,4
1670,pork shoulder roa,3,2,7
1671,pine floor cleaner,3,2,2
1672,chips frozen k,3,2,10
1673,crackers sour cream,3,2,12
1674,bread white sand,3,2,98
1675,pasta large spiral,3,2,17
1676,masterfoods american mus,3,2,185
1677,coles self raising,3,2,14
1678,dairy free q,3,2,201
1679,all natural bakery,3,2,8
1680,gluten free brownies,3,2,16
1681,cereal rice bubbles,3,2,14
1682,fruit and chia,3,2,6
1683,my mums sause,3,2,4
1684,fehlbergs pickled onions,3,2,1
1685,uncle toby oate,3,2,86
1686,revitalift filler serum,3,2,3
1687,custard double thick,3,2,6
1688,bondi sands gold,3,2,43
1689,earth window cleaner,3,2,17
1690,cornwell malt vinegar,3,2,3
1691,steggles breast tenders,3,2,7
1692,coles ultra stain,3,2,5
1693,dove original deodrant,3,2,4
1694,cocoa powder,3,2,3
1695,organic oatie bites,3,2,0
1696,nivea men moisturiser,3,2,7
1697,oats uncle toby,3,2,35
1698,sweetened condensed milk,3,2,5
1699,coles finest b,3,2,117
1700,colgate advanced whiten,3,2,17
1701,el paso chicken,3,2,2
1702,atkins day break,3,2,0
1703,coco pops white,3,2,2
1704,hask argan oil,3,2,8
1705,can sliced pears,3,2,6
1706,whiskas so fishy,3,2,2
1707,kelloggs time twists,3,2,3
1708,beer battered coles,3,2,2
1709,thankyou hand was,3,2,4
1710,red food colo,3,2,55
1711,myaura roll on,3,2,6
1712,icing sugar mixture,3,2,48
1713,mcvities berry biscuit,3,2,3
1714,ham from crestline,3,2,11
1715,gluten free satay,3,2,3
1716,a exercise book,3,2,11
1717,heinz dijon mustard,3,2,8
1718,litres water,3,2,39
1719,muesli heritage mill,3,2,8
1720,formula stage aptimal,3,2,62
1721,blue coles cheese,3,2,6
1722,five tastes shots,3,2,0
1723,liddell strawberry yoghurt,3,2,1
1724,pot tea bags,3,2,3
1725,roast chicken whole,3,2,41
1726,cold and cough,3,2,79
1727,free from sugar,3,2,165
1728,neutrogena face wash,3,2,21
1729,body wash m,3,2,342
1730,ogx coconut conditioner,3,2,8
1731,white paper cups,3,2,35
1732,garlic and rosemary,3,2,8
1733,coles bread grain,3,2,38
1734,whisper sanitary pads,3,2,77
1735,mediterranean pasta salad,3,2,13
1736,tamar valley y,3,2,18
1737,coles nature sweet,3,2,129
1738,coles com au,3,2,1
1739,beans and sausage,3,2,4
1740,sunny days softener,3,2,1
1741,coles organic drinking,3,2,1
1742,john west oven,3,2,82
1743,marinated feta,3,2,7
1744,coles protein mix,3,2,19
1745,coles vanilla yogurt,3,2,14
1746,bhuja nut mix,3,2,4
1747,birds eye battered,3,2,5
1748,huggies size napp,3,2,78
1749,chocolate ripple biscuit,3,2,121
1750,coles inspired pho,3,2,1
1751,gluten free cracker,3,2,37
1752,arnott biscuit,3,2,120
1753,finish dishwasher powder,3,2,31
1754,dolmio tomato onion,3,2,3
1755,perfect italiano ric,3,2,18
1756,smith crisps o,3,2,2
1757,free from brownie,3,2,7
1758,duracell coppertop batteries,3,2,15
1759,portuguese chicken seasoning,3,2,15
1760,coles fruit sal,3,2,15
1761,fairy dishwashing tablet,3,2,15
1762,cook dine salt,3,2,1
1763,plastic snack bags,3,2,43
1764,aunt bettys pudd,3,2,3
1765,arnott teddy bear,3,2,2
1766,cheese and ham,3,2,10
1767,chocolate chips chocolate,3,2,60
1768,frozen baby p,3,2,21
1769,fancy feast treats,3,2,37
1770,coco pop chex,3,2,1
1771,grants with flouride,3,2,4
1772,frozen peas carr,3,2,1
1773,loose face powder,3,2,3
1774,el paso enchilada,3,2,59
1775,herbet and sons,3,2,3
1776,huggies wipes wipes,3,2,10
1777,freedom very berry,3,2,18
1778,devondale salt reduced,3,2,41
1779,chicken stir fru,3,2,15
1780,koi hand cream,3,2,3
1781,schweppes raspberry l,3,2,7
1782,natural sparkling water,3,2,56
1783,heritage mill bar,3,2,18
1784,fancy feast turkey,3,2,37
1785,chicken burgers herb,3,2,42
1786,organic corn chip,3,2,43
1787,mission original burrito,3,2,7
1788,free from puffed,3,2,0
1789,baking choc chip,3,2,121
1790,coles pouch soup,3,2,13
1791,chocolate to melt,3,2,14
1792,goulburn valley pe,3,2,5
1793,dutch curry soup,3,2,1
1794,tangerine bubble bath,3,2,9
1795,sirena tuna slice,3,2,4
1796,pre cooked chicken,3,2,18
1797,revlon colorstay black,3,2,2
1798,coles kitchen single,3,2,1
1799,dried black beans,3,2,20
1800,huggies nappies girls,3,2,51
1801,non scratch sco,3,2,10
1802,king island cape,3,2,17
1803,lean cuisine lentil,3,2,0
1804,milk strawberry flavoured,3,2,13
1805,csr castor sugar,3,2,24
1806,liquid foam refill,3,2,33
1807,kellogs rice bubbles,3,2,7
1808,strawberry flavored milk,3,2,30
1809,brown and wild,3,2,1
1810,gluten free fl,3,2,12
1811,bonds zippy wondersuits,3,2,5
1812,freedom foods berr,3,2,16
1813,coles southern thigh,3,2,1
1814,coles coles sugar,3,2,28
1815,pasta sauce wine,3,2,3
1816,harpic white,3,2,5
1817,carman nut bar,3,2,52
1818,coles rice milk,3,2,73
1819,red velvet cupcakes,3,2,2
1820,nivea lip b,3,2,6
1821,coles pork spare,3,2,2
1822,kids yoghurt pack,3,2,67
1823,deodorant impulse musk,3,2,4
1824,massell stock cubes,3,2,12
1825,stainless steel scourer,3,2,36
1826,coles pastry flan,3,2,1
1827,bag of potatoes,3,2,2
1828,frozen vegetables stir,3,2,17
1829,garden salad bowl,3,2,19
1830,leggo pizza tomato,3,2,7
1831,gluten free frozen chips,4,3,0
1832,neutrogena night calming make up wipes,6,3,387
1833,free range pork chop,4,3,8
1834,natural co sea s,4,3,8
1835,my dog food lamb,4,3,6
1836,coles bakery wholemeal sandwich loaf,5,3,11
1837,search for products aisles,4,3,0
1838,three threes sweet spiced,4,3,2
1839,banana pear and mango,4,3,2
1840,optimum chicken and rice dog food,6,3,"3,889"
1841,dines wet food for cats,5,3,123
1842,huggies ultra dry nappy for girls,7,3,"1,035"
1843,continental chicken and corn,4,3,11
1844,coles pomlife fresh pomegranate arils,5,3,1
1845,kb frozen prawn h,4,3,2
1846,bread high fibre toast,4,3,5
1847,soy and sesame sauce,4,3,10
1848,hot cross buns gluten free,5,3,3
1849,curried pumpkin corn burger,4,3,1
1850,coles mineral water sparkling,4,3,8
1851,cook and dine round,4,3,3
1852,be natural muesli bars,4,3,120
1853,pear and aloe vera,4,3,10
1854,cheese and rice crackers,4,3,13
1855,massel salt reduced chicken,4,3,7
1856,chocolate coated chick peas,4,3,"1,203"
1857,ocean spray low sugar,4,3,3
1858,lt morning fresh,4,3,27
1859,coon light slices,4,3,9
1860,loreal revitalift night cream,4,3,1
1861,maesri green curry paste,4,3,7
1862,up and go chocolate,4,3,5
1863,sweet chilli chicken tenders,4,3,6
1864,washing up brush refills,4,3,"1,024"
1865,lean beef rump steak,4,3,8
1866,natures way vitamin,4,3,88
1867,beef and liver cat food,5,3,4
1868,sweet chilli chicken tender,4,3,6
1869,spinach ricotta and fetta rolls,5,3,481
1870,coles bakery bread loaf,4,3,28
1871,stir fry mixed vegetables,4,3,10
1872,super crunchy peanut butter,4,3,1
1873,pina colada meringue kisses,4,3,0
1874,coles peanuts and cashews,4,3,5
1875,minor figures nitro cold brew,5,3,7
1876,carmans fruit free muesli bars,5,3,5
1877,instant skim milk powder,4,3,2
1878,red pepper and chilli,4,3,1
1879,soft seed rustic rolls,4,3,2
1880,easy off bam drain,4,3,2
1881,gluten free bread coles,4,3,12
1882,sukin cleansing hand wash,4,3,5
1883,coles potato salad,4,3,28
1884,skim milk long life,4,3,18
1885,coles frozen chicken nuggets,4,3,1
1886,bega strong bitey slice,4,3,5
1887,palmolive kids in,4,3,3
1888,be natural cashew almonds,4,3,4
1889,cadbury chocolate baking chips,4,3,5
1890,happy cookie and co,4,3,1
1891,dog food dry pedigree,4,3,5
1892,dragon phoenix fried shallots,4,3,1
1893,gluten free chicken stock,4,3,"1,837"
1894,magnum dairy free almond,4,3,1
1895,cook and dine jar,4,3,6
1896,free from garlic bread,4,3,2
1897,apple and mango juice,4,3,6
1898,tassal smoked salmon g,4,3,8
1899,castello double cream b,4,3,3
1900,western star original butter,4,3,6
1901,earth choice laundry liquid,4,3,12
1902,tail on raw prawns,4,3,3
1903,green and black smooth dark chocolate,6,3,"2,275"
1904,cook and dine red plastic,5,3,1
1905,fruit veg capiscum green,4,3,10
1906,light long life milk,4,3,12
1907,liptons chai latte sachet,4,3,1
1908,spinach and ricotta rolls,4,3,2
1909,jam and cream biscuits,4,3,7
1910,lemon lime and bitter lemon,5,3,18
1911,john west chunk style tuna,5,3,25
1912,love beauty planet shampoo,4,3,597
1913,free range coles chicken,4,3,34
1914,cobram extra virgin olive oil,5,3,50
1915,pizza base dough balls,4,3,14
1916,coles natural almonds prepacked,4,3,5
1917,legs dog for,4,3,140
1918,uncle tobys breakfast bars,4,3,15
1919,dairy farmers lite milk,4,3,2
1920,libra regular ultra thin,4,3,2
1921,lemon lime citrus deep,4,3,4
1922,bacon and cheese pies,4,3,3
1923,in shampoo conditioner,4,3,552
1924,honey soy chicken potato chips,5,3,7
1925,kleenex rolls toilet paper,4,3,597
1926,carmen aussie oat ba carmen aussie oat bars,8,3,948
1927,pads libra ultra thi,4,3,5
1928,aldi pork and beef meatballs,5,3,2
1929,wicked chocolate dipping sauce,4,3,1
1930,chicken breast coles deli,4,3,6
1931,caramel almond sea salt kind,5,3,7
1932,dodoni cheese greek feta,4,3,6
1933,yo pro salted caramel,4,3,5
1934,whiskas chicken and turkey,4,3,14
1935,ready to wok singapore noodles,5,3,7
1936,mini can coca cola,4,3,"1,713"
1937,command picture hanging strips,5,3,7
1938,coles white vinegar l,4,3,3
1939,lots of noodle soup,4,3,7
1940,coles beef bbq burger,4,3,11
1941,birds eye frozen fish fingers,5,3,3
1942,always fresh duck fat,4,3,1
1943,dairy farmers smooth and creamy,5,3,3
1944,frozen fish frozen fish,4,3,953
1945,huggies nappies ultra dry size,6,3,30
1946,master foods chicken seasoning,4,3,6
1947,greens self saucing puddings,4,3,"1,199"
1948,spray and wipe mul,4,3,2
1949,chupa chups candy cane lollipops,5,3,0
1950,red salmon john west,4,3,3
1951,organic fruit and grain,4,3,6
1952,mccains rosemary sweet potato,4,3,1
1953,uncle ben rice medley,4,3,1
1954,sweet potato cottage pie,4,3,3
1955,coles skim long life,4,3,11
1956,glade sense soray lavender,4,3,2
1957,white flour cole s,4,3,2
1958,thick creamy classic vanilla,4,3,1
1959,castello double cream brie,4,3,3
1960,qv intensive body wash,4,3,78
1961,devondale full cream milk,4,3,6
1962,weet bix gluten free,4,3,2
1963,ambi pur febreze fabric extra strength,6,3,747
1964,man size butter chicken,4,3,0
1965,coles italian passata sauce,4,3,2
1966,on the menu frozen beef lasagna,6,3,"1,088"
1967,honey soy stir fry sauce,5,3,9
1968,non scratch scourers,4,3,10
1969,light and tangy chips,4,3,1
1970,rev long life milk,4,3,16
1971,nivea men cool kick,4,3,2
1972,campbells cream of mus,4,3,2
1973,continental cup of soup,4,3,605
1974,coles sandwich bread g,4,3,9
1975,beef sausages with garlic,4,3,4
1976,neutrogena oil free acne,4,3,5
1977,chilli tuna john west,4,3,10
1978,golden circle sunshine punch,4,3,2
1979,cookies cream cheese cake,4,3,0
1980,four and twenty chicken pies,5,3,10
1981,mirabella led genio wifi dimmable bc globe,7,3,114
1982,nivea for men black and white,6,3,"2,021"
1983,john west wild alaskan,4,3,22
1984,dark and bold honey,4,3,2
1985,dove triple moisturizing body wash,5,3,2
1986,cook and dine fry,4,3,6
1987,lee kum kee sauce pouch,5,3,35
1988,cook and dine glazed side plate,6,3,"1,103"
1989,uncle tobys original oats,4,3,4
1990,coles stir fry vegies,4,3,15
1991,coles thick egg noodles,4,3,1
1992,ultra wipes multipurpose pack,4,3,37
1993,ml iced coffee,4,3,39
1994,pork and beef meat,4,3,41
1995,bread high fibre coles,4,3,13
1996,frozen shortcrust pastry case,4,3,14
1997,my dog beef and veal dog food can,8,3,"4,643"
1998,steggles frozen creamy garlic chicken kiev,6,3,"1,822"
1999,cup soup chicken noodle,4,3,14
2000,balsamic vinegar and saly,4,3,0
2001,rexona invisible dry stick,4,3,5
2002,omo laundry liquid capsules,4,3,25
2003,hoyts italian herb mi,4,3,2
2004,roast onion and pumpkin,4,3,5
2005,oak vanilla malt milk,4,3,1
2006,arnott original chocolate tim tam,5,3,12
2007,dishwashing liquid morning fresh,4,3,21
2008,penne pasta san rem,4,3,9
2009,dine melting soup cat food,5,3,2
2010,masterfoods all purpose seasoning,4,3,6
2011,chicken strips in sou,4,3,6
2012,twinings green lemon tea,4,3,5
2013,fish oil nature way,4,3,6
2014,proud punch chocolate banana,4,3,2
2015,no sugar soft drinks,4,3,56
2016,ocean road cheese lite,4,3,"1,004"
2017,pepsi max how much,4,3,16
2018,coles white choc buttons,4,3,1
2019,coles pears in syrup,4,3,"3,670"
2020,can pears in juice,4,3,7
2021,strawberries and cream icecream,4,3,"1,166"
2022,onix home starter kettle,4,3,1
2023,natures way kids gummies,4,3,18
2024,nice natural peanut butter,4,3,2
2025,schwarzkopf got beach matt texturizing salt spray,7,3,"1,035"
2026,natures goodness puppy roll,4,3,5
2027,schwarzkopf extra care marrakesh oil and coconut shampoo m,9,3,"5,437"
2028,poise thin discreet pants small,5,3,2
2029,proud and punch ice cream,5,3,104
2030,peanut butter pic s,4,3,3
2031,traditional hot cross buns,4,3,11
2032,u kotex ultra thin super,5,3,7
2033,fairy dishwashing liquid original,4,3,1
2034,litre coles tomato juice,5,3,1
2035,sally hansen nail polish,4,3,16
2036,birds eye corn kernels,4,3,9
2037,paws fresh dog minis,4,3,"2,232"
2038,chicken portions with bbq rub,5,3,0
2039,whole leg of lamb,4,3,11
2040,power gel toilet cleaner,4,3,3
2041,dairy free greek yogurt,4,3,6
2042,coles sweet potato pie,4,3,1
2043,fancy feast dry cat food,5,3,4
2044,helga mixed grain wraps,4,3,2
2045,cook dine cooking string,4,3,1
2046,sukin rosehip day cream,4,3,1
2047,lamb rump steak mint and rosemary,6,3,439
2048,original source shower gel,4,3,5
2049,coles kitchen american bbq slaw kit,6,3,"4,127"
2050,tomato soup for one,4,3,2
2051,so good long life regular,5,3,4
2052,frozen pea carrot corn,4,3,4
2053,ansell handy clean disposable latex gloves,6,3,654
2054,apple and rhubarb crumble,4,3,317
2055,mango fruit yo yo,4,3,"1,201"
2056,country harvest with peas,4,3,3
2057,frozen rice and vegetables,4,3,53
2058,nestle reduced fat cream,4,3,1
2059,how do shop online,4,3,0
2060,bulla trio ice cream,4,3,11
2061,potato chips thinly cut,4,3,7
2062,mango and coconut bar,4,3,2
2063,coles shredded chicken breast,4,3,9
2064,dove men clean comfort,4,3,5
2065,coles sliced mushrooms in,4,3,4
2066,vanilla ice cream tub lite,5,3,13
2067,penne pasta san remo,4,3,7
2068,fussy cat grainfree kg,4,3,11
2069,dairy milk cadbury blo,4,3,32
2070,freedom fruit seeds muesli,4,3,1
2071,coles chicken snack bites,4,3,2
2072,shampoo oil and coconut,4,3,17
2073,old el paso stand and stuff,6,3,119
2074,toni guy strength plex,4,3,2
2075,bickfords iced coffee syrup,4,3,2
2076,canesten athlete foot cream,4,3,1
2077,toilet paper coles brand,4,3,4
2078,black swan avocado dip,4,3,2
2079,farmers union greek style yogurt,5,3,12
2080,aussie body lo carb,4,3,4
2081,my dog beef and vegetables,5,3,33
2082,party pies and sausage rolls packs,6,3,"3,883"
2083,dog pedigree adult beef,4,3,8
2084,sage and onion stuffing mix,5,3,1
2085,nivea beauty and pearl,4,3,5
2086,coles rspca chicken schnitzel,4,3,28
2087,coles mini monkeys butter biscuits,5,3,1
2088,dairy milk cadbury block,4,3,22
2089,peters light creamy slices,4,3,5
2090,grain free dry dog,4,3,11
2091,be natural cereal honey,4,3,"1,450"
2092,light brown hair dye,4,3,15
2093,bread rolls coles bakery,4,3,49
2094,gluten free butter chicken,4,3,2
2095,chux heavy duty scourer,4,3,4
2096,pork sausages garlic and herb,5,3,4
2097,cadbury chocolate dark choc,4,3,2
2098,biscuits sweet chilli and,4,3,"1,181"
2099,poise thin discreet pads,4,3,5
2100,gluten free waffle cones,4,3,1
2101,cadbury dairy milk chocolate,4,3,32
2102,cat food pouch optimum,4,3,55
2103,continental superb stock chicken stoc,5,3,3
2104,longlife milk full cream,4,3,6
2105,salt and vinegar potato,4,3,14
2106,raspberry white chocolate bullets,4,3,3
2107,carman original fruit free muesli,5,3,5
2108,arnotts sea salt cracker,4,3,1
2109,if no mince lamb use frozen beef mince or purchse veal mince,13,3,"1,241"
2110,madam flavour tea bags,4,3,5
2111,head shoulders shampoo,4,3,56
2112,masterfood garlic and herb,4,3,17
2113,herb and garlic seas,4,3,10
2114,roast almond dark chocolate,4,3,5
2115,fancy feast gourmet natural chicken dry cat food g,9,3,"5,006"
2116,bulla ice cream cookies,4,3,36
2117,pack coca cola,4,3,19
2118,chickpeas in olive oil and sea salt,7,3,"1,071"
2119,arnotts choc mint slice,4,3,1
2120,freedom gluten free active balance,5,3,7
2121,bake beans in ham,4,3,5
2122,chocolate coated coffee beans,4,3,0
2123,coles shredded tasty cheese,4,3,3
2124,gluten free freedom foods,4,3,313
2125,gluten free vanilla cake mix,5,3,10
2126,olay regenerist retinol day cream,5,3,13
2127,cooked and peeled prawns,4,3,11
2128,carmans oat slice chocolate brownie,5,3,1
2129,body wash dove l,4,3,15
2130,uncle tobys quick oats sachets,5,3,16
2131,chips and drinks,4,3,4
2132,rimmel stay matte liquid,4,3,4
2133,plain flour plain flour,4,3,295
2134,herbal essence blue bottle,4,3,9
2135,rum and raisin chocolate,4,3,5
2136,argan oil of morocco shampoo,5,3,14
2137,peters vanilla icecream l,4,3,10
2138,liquid cold power,4,3,13
2139,colgate sensitive multiprotection toothpaste g,5,3,2
2140,chilli lime soya crisp,4,3,0
2141,lindt sea salt caramel balls,5,3,3
2142,smoked salmon ocean blue,4,3,4
2143,carrot and orange juice,4,3,8
2144,sea salt cracker chips,4,3,16
2145,head and shoulders dry scalp shampoo,6,3,"1,295"
2146,oates massive squeeze mop refill,5,3,458
2147,squeaky gate all rounder,4,3,3
2148,ml coke no sugar,5,3,7
2149,ricotta spinach agnolotti pasta,4,3,5
2150,life space probiotic years tablets,5,3,1
2151,natures way super kri,4,3,8
2152,four twenty cheese bacon,4,3,3
2153,kg cat food,4,3,67
2154,multi insect killer raid,4,3,6
2155,gluten free brioche buns,4,3,30
2156,coles tasty block cheese,4,3,7
2157,pineapple pieces golden circle,4,3,4
2158,smooth and creamy coffee,4,3,1
2159,tinned cat fish food,4,3,5
2160,salt and cracked pepper,4,3,2
2161,coca cola cans,4,3,106
2162,mens roll on deodorant,4,3,48
2163,john west salmon fillets,4,3,17
2164,blue ribbon ice crea,4,3,9
2165,butcher meat steaks snags rump for nick,8,3,724
2166,tip top bread wholemeal,4,3,5
2167,easter eggs for lincoln and izzy,6,3,291
2168,sour cream and chives grain waves,6,3,"1,274"
2169,coles beef instant noodles,4,3,3
2170,green tea jasmine and pear,5,3,1
2171,moira macs chicken breasts,4,3,3
2172,lee kum kee gluten free,5,3,1
2173,natural chip co ve,4,3,7
2174,choc top ice cream,4,3,25
2175,tomato and basil rice,4,3,7
2176,black swan warming d,4,3,3
2177,coke cola classic mini,4,3,856
2178,bird eye frozen oven,4,3,12
2179,easy off drain gel,4,3,1
2180,gluten free bread helga,4,3,5
2181,gluten free cheese onion chips,5,3,1
2182,campbells beef and vegetable soup,5,3,8
2183,natures way magnesium chelat,4,3,3
2184,cup soup mushroom and croutons,5,3,531
2185,telstra prepaid gx wifi,4,3,34
2186,honey roasted nut crunchy,4,3,0
2187,coles sweet corn chip,4,3,1
2188,strawberry and cream ice cream,5,3,10
2189,uncle tobys plus fibre,4,3,9
2190,no added sugar dark chocolate,5,3,11
2191,argan oil hair shampoo,4,3,26
2192,coles finest butter chicken,4,3,1
2193,my dog food beef,4,3,21
2194,coles apple and black,4,3,1
2195,huggies nappy size,4,3,54
2196,cream sponge cake fresh,4,3,0
2197,dairy farmers fig yoghurts,4,3,17
2198,earth choice dishwashing d,4,3,7
2199,nature way fat burn,4,3,9
2200,heinz creamy potato leek soup of the day,8,3,853
2201,aussie natural spring water,4,3,0
2202,sweet chilli potato chips,4,3,6
2203,swisse hair skin nails,5,3,3
2204,bushells extra strong tea,4,3,8
2205,moro virgin olive oil,4,3,5
2206,double choc ice cream,4,3,5
2207,air wick pure cherry blossom,5,3,7
2208,mi goreng noodle gluten free,5,3,1
2209,huy fong sriracha sauce,4,3,2
2210,coles gluten free white,4,3,5
2211,check for chives tbs,4,3,1
2212,white choc and macadamia,4,3,4
2213,uncle tobys quick oats porridge kg,7,3,707
2214,liquorice dark chocolate coated,4,3,4
2215,tomato sauce with olive,4,3,3
2216,csr low gi sugar,4,3,4
2217,protein bar nutty choc,4,3,10
2218,stir fry vegetables in brine,5,3,14
2219,red kellys salad dressing,4,3,3
2220,ham and cheese rolls,4,3,1
2221,chicken curry meals frozen,4,3,27
2222,nature valley crunchy variety,4,3,2
2223,coles mulitigrain bread rolls,4,3,"4,075"
2224,cook and dine floral,4,3,3
2225,three threes mustard pickles,4,3,3
2226,harvey fresh hi lo milk,5,3,0
2227,aunt bettys whipped cream,4,3,1
2228,huggies nappy pants size boys,5,3,21
2229,salt and vinegar thi,4,3,1
2230,birds oven bake fish,4,3,9
2231,bega light and tasty,4,3,3
2232,coles long life full cream milk,6,3,"5,424"
2233,messy monkeys rice puff bars,5,3,16
2234,coles tasty cheese kg,4,3,5
2235,celebrate health tomato sauce,4,3,17
2236,chipotle roasted garlic dry mariande,5,3,2
2237,dine beef and liver,4,3,2
2238,so good almond,4,3,14
2239,low gi high fibre,4,3,10
2240,lemon and lime cordial,4,3,727
2241,coles cook and dine,4,3,3
2242,atkins caramel but chew bars,5,3,2
2243,cook and dine baking,4,3,2
2244,classic chocolate flavoured milk,4,3,2
2245,cadbury dairy milk ice,4,3,40
2246,bread cafe tip top,4,3,21
2247,nivea men active energy,4,3,5
2248,sweet and salt popcorn,4,3,3
2249,rice brown and wild,4,3,772
2250,evening primrose oil,4,3,1
2251,birds eye frozen steam fresh pea,6,3,"2,361"
2252,three threes sweet mustard pickles,5,3,3
2253,coconut milk long life,4,3,14
2254,gluten free soya sauce,4,3,3
2255,natural cracker and co,4,3,2
2256,mini rice cake chocolate,4,3,4
2257,oatly organic oat milk,4,3,1
2258,betty crocker apple cinnamon muffin mix low fat,8,3,"1,417"
2259,beef rump steak approx g,5,3,10
2260,black bean stir fry cooking sauce g,7,3,"2,299"
2261,violet crumble gluten free,4,3,4
2262,spc aussie diced peaches,4,3,4
2263,bottle of wine for kris,5,3,0
2264,masterfoods lemon and pepper,4,3,3
2265,extra large raw p,4,3,1
2266,lactose free cream ch,4,3,9
2267,coles toilet tissue double roll,5,3,4
2268,moconna indulgence instant coffee,4,3,1
2269,thai coconut and lime,4,3,2
2270,birds eye kg fish frozen,5,3,7
2271,nature own sleep ezy,4,3,1
2272,soya milk vita soy calcium,5,3,6
2273,u by kotex super with wings,6,3,394
2274,nature way beauty liquid,4,3,53
2275,nivea men protect and care,5,3,4
2276,devondale full cream long,4,3,3
2277,coles total care toothpaste,4,3,1
2278,cadbury dark chocolate m,4,3,1
2279,low fat or low fat,5,3,256
2280,natures gift deli roll,4,3,4
2281,betadine sore throat gargles,4,3,2
2282,so good almond and coconut,5,3,2
2283,split pea ham soup,4,3,5
2284,mixed nuts in shell,4,3,2
2285,cook and dine plates,4,3,12
2286,uncle tobys oats honey,4,3,7
2287,pana organic ice cream,4,3,25
2288,coles deli rspca approved,4,3,18
2289,easy made slow cooked beef ragu,6,3,"1,478"
2290,coles thin bbq sausages,4,3,4
2291,nivea rich day cream,4,3,4
2292,bega cheese slices,4,3,9
2293,coles whole plums in juice,5,3,1
2294,water cracker captain table,4,3,3
2295,natures own magnesium chelate,4,3,3
2296,ladies bonds size,4,3,14
2297,drovers choice beef fillet,4,3,1
2298,thank you hand refill,4,3,1
2299,how to check out,4,3,0
2300,riviana long grain rice kg,5,3,1
2301,dog food wet tray,4,3,148
2302,coles sea salt chips,4,3,1
2303,fabric softener earth choice,4,3,3
2304,coles fruit nut bars,4,3,86
2305,gluten free bread r,4,3,1
2306,bbq dry rub smokeyq,4,3,1
2307,glenorchy tas super market,4,3,1
2308,coles kitchen chicken corn soup,5,3,10
2309,chicken pesto pasta salad,4,3,1
2310,glad wave top tidy bags,5,3,7
2311,hamburger white bread rolls,4,3,2
2312,coles ultra antibacterial multi purpose lemon fresh wipes,8,3,"5,640"
2313,white chocolate ice creams,4,3,10
2314,bulla ice cream l,4,3,8
2315,birds eye steam fresh carrot,5,3,12
2316,lindt excellence block chocolate g,5,3,49
2317,gluten free pancake mix,4,3,3
2318,l or intensity,4,3,17
2319,coles skim long life milk,5,3,4
2320,wool and delicates washing,4,3,3
2321,threes threes tomato sauce,4,3,1
2322,uncle tobys oats berry,4,3,2
2323,sensodyne sensitive teeth pain repair and protect,7,3,671
2324,frozen mac and cheese,4,3,6
2325,kleenex tissues large and thick,5,3,2
2326,long life milk devondale,4,3,7
2327,black blue hair dye,4,3,0
2328,dry dog food kg,4,3,54
2329,ansell heavy duty disposable,4,3,2
2330,bickfords diet lime cordial,4,3,3
2331,primo gourmet caramelised onion pork sausages,6,3,764
2332,mix vegetables with rice,4,3,"1,892"
2333,heinz baked beans salt reduced pack,6,3,"4,460"
2334,hi chew sweet and sour,5,3,4
2335,australias own almond barista milk,5,3,4
2336,lee kum kee lem,4,3,36
2337,peters ice cream french vanilla,5,3,11
2338,tasty coles cheese,4,3,24
2339,pork dumplings gluten free,4,3,"1,181"
2340,birds eye frozen whit,4,3,8
2341,the alternative meat and co,5,3,2
2342,rascal and friends toddler,4,3,4
2343,infant formula stage,4,3,73
2344,john west sweet chilli,4,3,1
2345,coles sweet chilli tenders,4,3,2
2346,sole mare mackerel fillets,4,3,2
2347,purina total care heartwormer allwormer,5,3,33
2348,sriracha hot chilli sauce,4,3,4
2349,l oreal men expert,4,3,14
2350,gluten free raising flour,4,3,3
2351,birds eye fish fillet crumb,5,3,6
2352,on the menu chic,4,3,2
2353,halo top dairy free,4,3,6
2354,palmolive luminous oils shampoo,4,3,15
2355,chicken thighs bone in,4,3,990
2356,sour cream rice cakes,4,3,0
2357,nice natural chocolate peanut,4,3,8
2358,diet lemon lime a,4,3,3
2359,low fat lactose free,4,3,5
2360,cookies and cream greens,4,3,1
2361,lean cuisine thai green curry,5,3,5
2362,light rye sourdough bread,4,3,3
2363,amoy sauce light soy,4,3,1
2364,spinach and ricotta pie,4,3,6
2365,always fresh mini toast,4,3,4
2366,wellness road black chia seeds g,6,3,862
2367,coles tuna with tomato and basil,6,3,"3,961"
2368,italian tomato with basil,4,3,1
2369,peters gluten free icecream,4,3,1
2370,dine cat food turkey,4,3,45
2371,carman bar aussie oats,4,3,4
2372,l creamy chicken soup,4,3,1
2373,rimmel brow this way,4,3,5
2374,lavazza oro coffee beans,4,3,3
2375,butter chicken simmer sauce,4,3,9
2376,coles beef mince regular star,5,3,"4,287"
2377,ayam premium light coconut milk,5,3,3
2378,toni guy leave in,4,3,1
2379,white wings cake in cup,5,3,5
2380,sugar free butter candy,4,3,1
2381,birds eye stir fry supreme,5,3,5
2382,free range eggs extra,4,3,3
2383,pack variety yog,4,3,1
2384,herbal essences bio renew white grapefruit,6,3,"1,329"
2385,my dog food cans,4,3,11
2386,heat and eat beef lasagne,5,3,1
2387,blackmores executive stress b,4,3,2
2388,command picture hanging strips,4,3,7
2389,uncle tobys iron cereal,4,3,15
2390,betadine sor throat gargle,4,3,2
2391,pauls double thick custard,4,3,2
2392,corn and rice cakes,4,3,6
2393,multix non stick baking paper,5,3,5
2394,coles southern blue whiting,4,3,1
2395,full milk coles l,4,3,11
2396,s reduced baked beans,4,3,10
2397,spinach and ricotta frozen,4,3,6
2398,crest australia new zealand travel adaptor,7,3,267
2399,fresh barramundi birds eye,4,3,3
2400,coles rspca approved chicken wings,5,3,5
2401,ultimate choc chip cookies,4,3,13
2402,smith crinkle cut cheese,4,3,2
2403,john west red sal,4,3,4
2404,air wick pure cherry,4,3,9
2405,belvita soft bake bites,4,3,2
2406,coles aloe vera bath,4,3,4
2407,birds eye frozen cauli,4,3,4
2408,cadbury marvellous birthday cake,4,3,6
2409,tip top the one toast,5,3,8
2410,pauls low fat choc,4,3,1
2411,choice dish washing liquid,4,3,5
2412,anti bacterial washing machine cleaner,5,3,7
2413,up and go gluten,4,3,4
2414,mccain chips steak cut,4,3,0
2415,lee kum kee chiu chow chilli oil,7,3,800
2416,riverview farms pork roast,4,3,1
2417,double unfilled sponge cakes,4,3,2
2418,olive oil cobram classix,4,3,11
2419,timtam dark chocolate biscuits,4,3,5
2420,tin tuna in oil,4,3,4
2421,four twenty traveller pie,4,3,10
2422,mccain frozen traditional roast potatoes g,6,3,"1,443"
2423,alfredo garlic and herb,4,3,5
2424,chipotle peppers in adobo sauce,5,3,928
2425,coles vegetable soup starter,4,3,0
2426,old el paso taco spice,5,3,11
2427,gluten free pasta and sauce,5,3,4
2428,peanut nut bars pack,4,3,4
2429,liddels lactose free milk,4,3,2
2430,earth choice dish wash,4,3,3
2431,old gold dark chocolate g,5,3,7
2432,pine cleen laundry sanitiser,4,3,19
2433,italian tomato pasta sauce,4,3,15
2434,pink and white lollies,4,3,6
2435,coles stone baked pizza,4,3,2
2436,herb and garlic crumb,4,3,7
2437,old el paso spi,4,3,59
2438,huggies ultra dry nappy,5,3,30
2439,coles chicken and rice,4,3,17
2440,old el paso taco spice mix,6,3,"1,270"
2441,milk long life l,4,3,19
2442,raisin toasti pbbby,4,3,2
2443,edgell four bean mix,4,3,4
2444,coles sliced chicken breast,4,3,9
2445,coles irresistible ice creams,4,3,3
2446,massell chicken stock powder,4,3,2
2447,coles sauce tomato ketchup,4,3,3
2448,cook and dine pasta,4,3,5
2449,double walled bottle l,4,3,2
2450,plant based ice cream,4,3,17
2451,heinz no added sugar,4,3,7
2452,twinings english extra strong,4,3,1
2453,where the easter bunny,4,3,0
2454,coles frozen cottage pies,4,3,12
2455,passage to asia pad thai,5,3,7
2456,mini vanilla ice cream,4,3,44
2457,soy honey garlic marinade,4,3,2
2458,coles no added sugar choc,5,3,3
2459,helga is gluten free bread,5,3,7
2460,birds eye froze peas,4,3,14
2461,smiths fun mix chips,4,3,2
2462,on the menu bbq,4,3,7
2463,frozen chicken crumbed tenders,4,3,6
2464,bread crumbs gluten free,4,3,1
2465,herb and garlic sausages,4,3,5
2466,condensed vegetables beef soup,4,3,4
2467,lee kum kee stir fry,5,3,11
2468,almond milk long life,4,3,17
2469,ajax eco coconut and lime,5,3,1
2470,juice orange and mango,4,3,11
2471,rspca herb and garlic chicken breast,6,3,"1,488"
2472,oates extra wide multi purpose bucket,6,3,"1,205"
2473,heinz pureed apple oatmeal months,5,3,3
2474,red rock deli honey soy chicken,6,3,"2,367"
2475,arnotts chocolate chip cookies,4,3,1
2476,cook and dine bowls,4,3,18
2477,almond milk ice cream,4,3,30
2478,uncle tobys ancient grain oats,5,3,1
2479,the british sausage co,4,3,6
2480,thai basil lime coconut,4,3,1
2481,kleenex facial tissues large silky,5,3,24
2482,ice cream cone coles,4,3,7
2483,red rock deli chicken,4,3,5
2484,colgate total charcoal deep clean multi benefit toothpaste,8,3,"1,278"
2485,baby formula nan compert,4,3,1
2486,blue ribbon classic chocolate,4,3,2
2487,almond and orange chocolate,4,3,2
2488,free range chicken breast fillet,5,3,8
2489,chicken thigh skin off,4,3,4
2490,mccain frozen healthy choice stra,5,3,7
2491,pre wash stain remover,4,3,20
2492,oreo creme biscuits family,4,3,5
2493,decor match ups basic,4,3,11
2494,aa pyrex cup too small,5,3,3
2495,scoop weigh soy crisps,4,3,4
2496,rat and mice b,4,3,2
2497,natures way choc balls,4,3,2
2498,nivea sensitive shave gel,4,3,4
2499,nexba kombucha apple pear,4,3,2
2500,special for this week,4,3,0
2501,golden circle apple mango,4,3,27
2502,orange power air freshener,4,3,2
2503,red curry duck legs,4,3,1
2504,nudie pulp orange juice,4,3,6
2505,coles dog food roll,4,3,5
2506,white chocolate baking chips,4,3,4
2507,uncle bens mexican style rice,5,3,3
2508,heinz canned baked beans english,5,3,59
2509,coles kitchen tidy white ba,5,3,13
2510,double length toilet roll,4,3,6
2511,peters light creamy ice cream,5,3,5
2512,hikari white miso paste,4,3,1
2513,worm treatment for dogs,4,3,9
2514,new york strip steak,4,3,1
2515,cubs diaper size,4,3,0
2516,chicken stock salt reduce,4,3,7
2517,real salt reduced vegetable stock,5,3,3
2518,pine cleen washing machine cleaner,5,3,3
2519,mince pork beef,4,3,29
2520,nut bar nice and natural,5,3,14
2521,birds eye stir fry shanghai,5,3,5
2522,red kellys dressing,4,3,3
2523,uncle tobys big bowl,4,3,3
2524,coles bread butter sliced pickle,5,3,1
2525,glass jars cook and dine,5,3,4
2526,sunrice medium grain white rice,5,3,10
2527,cobram extra virgin olive oil light,6,3,"1,267"
2528,frank red hot original,4,3,"1,389"
2529,scoop and weigh apricot,4,3,2
2530,olay night cream provital,4,3,1
2531,continental cup of soups,4,3,605
2532,dettol hand wash foam,4,3,4
2533,nice and natural fruit frogs,5,3,1
2534,lo carb protein bars,4,3,8
2535,dog food dry food,4,3,56
2536,full cream milk devondale,4,3,6
2537,comfort vanilla orchid softener,4,3,1
2538,birds eye snap frozen baby beans,6,3,"6,433"
2539,coles light globe led gls lumen bc,7,3,"3,834"
2540,birds eye frozen mix,4,3,27
2541,british english pork sausages,4,3,1
2542,brown rice uncle bens,4,3,16
2543,abe bagels natural bagels pack,5,3,1
2544,farmer union iced coffee,4,3,2
2545,fancy feast dry food,4,3,4
2546,golden circle juice multipack,4,3,62
2547,ice cream chocolate chip,4,3,11
2548,always fresh cheese crackers,4,3,8
2549,flav milk harvey fresh,4,3,0
2550,coles banana ice creams,4,3,36
2551,double smoked sliced ham,4,3,5
2552,praise honey and dijon,4,3,1
2553,steggles tempura chicken pops,4,3,1
2554,lemon and lime sparkling,4,3,2
2555,chocolate medium party share,4,3,1
2556,up go no added,4,3,6
2557,peters ice cream tubs,4,3,20
2558,nestle chocolate bits dark,4,3,1
2559,massel beef stock powder,4,3,1
2560,black swan corn relish dip,5,3,1
2561,pack soft drinks,4,3,179
2562,ben and jerrys non,4,3,2
2563,stone bake pane di casa,5,3,11
2564,creamy chicken pot pie,4,3,1
2565,john west salmon smoked,4,3,2
2566,tuna john west pack,4,3,25
2567,low gi white rice,4,3,1
2568,cat food beef and liver,5,3,4
2569,coles wrapped camembert cheese,4,3,11
2570,finish in lemon lime dishwasher freshener,6,3,712
2571,schwarzkopf nordic blonde toner,4,3,1
2572,peas carrots and corn,4,3,5
2573,coles milk cooking chocolate,4,3,31
2574,joint restore triple action,4,3,0
2575,meat free chicken tenders sweet chilli,6,3,"2,912"
2576,cheese and bacon bun,4,3,6
2577,coles snap lock bag,4,3,0
2578,coles bakery sandwich bread,4,3,9
2579,banana ice cream s,4,3,31
2580,colgate deep clean toothpaste,4,3,2
2581,beef and bacon pasta,4,3,1
2582,coles gluten free five seeds rol,6,3,"4,612"
2583,coles mexican style tuna,4,3,1
2584,grain free cat food salmon,5,3,41
2585,you are receiving this list because coles app user has chosen to share it with you products yet to be purchased from coles warriewood fresh produce coles baby broccoli bunch coles baby rocket prepacked x coles baby spinach pre,39,3,0
2586,banana boat dry balance,4,3,3
2587,v energy drink sugar free pack,6,3,"5,131"
2588,coles instant coffee powder,4,3,1
2589,arnotts vita brit crackers,4,3,2
2590,dinner for and,4,3,24
2591,coles zip lock bags,4,3,11
2592,natural yoghurt dairy free,4,3,8
2593,kids shampoo and body wash,5,3,2
2594,head shoulders in,4,3,56
2595,b finest apricot hazelnut crackers,5,3,0
2596,coles gluten free noodles,4,3,1
2597,men shampoo and cond,4,3,2
2598,sanitarium natural peanut butter,4,3,13
2599,coles frozen stir fry,4,3,14
2600,spinach and ricotta tort,4,3,4
2601,sara lee french vanilla ice cream,6,3,"1,558"
2602,aussie bodies protein x,4,3,0
2603,coles whole black olives,4,3,3
2604,green valley natural yogurt,4,3,0
2605,mens roll on deo,4,3,21
2606,greek style yoghurt with passionfruit,5,3,2
2607,soy sauce reduced sa,4,3,1
2608,maclean extreme clean toothpaste,4,3,2
2609,herb sons plant based,4,3,29
2610,seed gluten free,4,3,14
2611,flea control for dogs,4,3,12
2612,steggles crumbed chicken tenders,4,3,3
2613,arnotts iced vovo biscuits,4,3,2
2614,cm cake tin,4,3,8
2615,colgate pump toothpaste g,4,3,1
2616,kale and spinsch thing,4,3,1
2617,kb panko crumbed squid,4,3,1
2618,coles deli large entertaining platter,5,3,14
2619,foam hand wash antibacterial,4,3,5
2620,edgell carrots and peas,4,3,3
2621,my dog gourmet beef,4,3,6
2622,sensodyne toothpaste sensitivity gum extra,5,3,2
2623,coles loose cup mush,4,3,2
2624,huon salmon to go,4,3,1
2625,dog treats peanut butter,4,3,6
2626,sour cream chives grainwaves,4,3,1
2627,gluten free bread genius,4,3,6
2628,palmolive dish washing liquid,4,3,4
2629,detol foam hand wash,4,3,4
2630,coles frozen beef lasagna,4,3,11
2631,old el paso taco mix,5,3,23
2632,ipswich store brisbane street,4,3,0
2633,dairy milk large block,4,3,36
2634,family stir fry mix,4,3,3
2635,old el paso tortilla pockets,5,3,14
2636,pasta and sauce continental,4,3,18
2637,coles casserole dog food,4,3,5
2638,calcium and vitamin tablets,4,3,30
2639,stir fry chinese beef,4,3,2
2640,coles ultra concentrate dishwasher powder lemon fresh,7,3,"5,438"
2641,honey soy chips red rock,5,3,4
2642,pauls zymil long life,4,3,15
2643,block of coles cheese,4,3,14
2644,food for health cereal,4,3,32
2645,coles lite shredded cheese,4,3,3
2646,ice creams bulla colors,5,3,4
2647,coles cracked pepper crackers,4,3,3
2648,bird eye frozen steam fresh,5,3,12
2649,nappy pants huggies,4,3,74
2650,long life coles milk full,5,3,4
2651,liptons peach ice tea,4,3,5
2652,coles hi lo milk,4,3,0
2653,campbell cream of chicken soup,5,3,3
2654,sarah lee frozen cake,4,3,3
2655,thank you hand wash oran,5,3,1
2656,high fibre low gi white toast,6,3,"1,493"
2657,san remo instant lasagna sheets,5,3,5
2658,ham and cheese c,4,3,4
2659,coles fabric heavy duty medistrips,5,3,2
2660,chux bathroom magic eraser,4,3,1
2661,chinese stir fry sauce,4,3,5
2662,farmers union greek style natural,5,3,13
2663,olive oil extra vir,4,3,48
2664,abc extra hot chillie sauce,5,3,1
2665,purina total care all wormer,5,3,7
2666,cocoa butter body wash,4,3,3
2667,mccain frozen onion rings,4,3,1
2668,dairy farmers yoghurt,4,3,25
2669,baby love nappy size,5,3,0
2670,daily juice orange juice,4,3,18
2671,lactose free block cheese,4,3,15
2672,semi sun dried tomatoes,4,3,1
2673,heinz tomato soup g,4,3,1
2674,coles white bread sandwich,4,3,6
2675,coles cat food pouch,4,3,58
2676,four twenty beef cheese,4,3,3
2677,rosella tomato soup no added salt,6,3,"1,251"
2678,loreal excellence hair colours,4,3,9
2679,lemon herb chicken breast,4,3,2
2680,hi fibre low gi bread,5,3,10
2681,gift card for coles,4,3,"3,672"
2682,carman golden oats coconut oat slice,6,3,"1,075"
2683,smith cheetos puffs party bag,5,3,4
2684,ice cream ggolden north,4,3,0
2685,birds eye snap frozen country harvest vegetable mix,8,3,"2,296"
2686,lee kum kee premium,4,3,3
2687,old el paso black beans,5,3,3
2688,high fibre sandwich bread,4,3,6
2689,no sugar added chocolate,4,3,24
2690,palmolive foaming hand wash,4,3,10
2691,old el paso mild sal,5,3,27
2692,lime juice cordial schweppes,4,3,2
2693,coles lime and mint,4,3,3
2694,coles snap frozen vegetable mix,5,3,8
2695,mini coca cola no sugar,5,3,19
2696,cheese and bacon buns,4,3,6
2697,chips salt vinegar chips,4,3,17
2698,a milk powder skim,4,3,1
2699,twinings pure green tea,4,3,3
2700,thai green curry col,4,3,3
2701,chocolate chip ice cream,4,3,11
2702,sards wonder stain remover,4,3,35
2703,garnier pure active in,5,3,5
2704,coles light cheese slices,4,3,5
2705,uncle tobys cinnamon and brown,5,3,2
2706,purity concentrate laundry liquid l,5,3,1
2707,oob organic frozen banana,4,3,1
2708,nice and natural muslie bar,5,3,14
2709,coles mince for cats,4,3,"3,889"
2710,coles honey and mustard,4,3,5
2711,herbal essences bio renew,4,3,23
2712,nice easy medium blonde,4,3,21
2713,colgate degree soft toothbrush,4,3,13
2714,baby food only organic pouch,5,3,102
2715,poise thin and discreet pads,5,3,9
2716,crayola crayons tuck box,4,3,1
2717,chocolate mint ice cream,4,3,10
2718,coca cola mini multipack,4,3,5
2719,coles rspca chicken wings,4,3,5
2720,le tan coconut sunscreen,4,3,3
2721,antibacterial liquid hand wash,4,3,16
2722,laucke bread mix wholemeal,4,3,3
2723,heinz chicken classic soup,4,3,1
2724,coles belgian chocolate gateau,4,3,1
2725,bird eye baby peas,4,3,3
2726,coles ultimate choc chip cookie,5,3,12
2727,cobs gluten free popc,4,3,6
2728,eggs sunny queen,4,3,12
2729,bonds no show footlets,4,3,4
2730,ice coffee and flavoured milk,5,3,33
2731,dog food natures gift gravy,5,3,31
2732,heinz baked beans english,4,3,59
2733,spagetti sauce with beef,4,3,0
2734,coles milk full cream,4,3,11
2735,pataks oven bake tandoori,4,3,9
2736,frozen vegetable spring rolls,4,3,4
2737,bulla chocolate chip ice cream,5,3,97
2738,coles no added hormones beef rump steak,7,3,"4,084"
2739,coles chicken spring water,4,3,12
2740,tresemme moisture rich shampoo,4,3,4
2741,pink lady apples loose,4,3,4
2742,green tea bags nerada,4,3,1
2743,wet ones anti,4,3,8
2744,dine square bowls large plastic,5,3,1
2745,nice and natural but bars,5,3,17
2746,changs pad thai rice noodles,5,3,2
2747,campbell condensed cream of chicken soup,6,3,"2,067"
2748,san remo pasta penne,4,3,7
2749,tuna john west zesty,4,3,29
2750,pantene smooth sleek conditioner,4,3,6
2751,wellgrove immune support olive leaf capsules pk,7,3,693
2752,masterfoods sweet sour sauce,4,3,2
2753,dove sports fresh body wash,5,3,4
2754,vanish stain remover refill,4,3,13
2755,dairylea cheddar cheese block,4,3,2
2756,chicken noodle soup continental,4,3,7
2757,stir fry rice vegetables,4,3,7
2758,coles thin crispy pizza base,5,3,11
2759,coles beef thyme parsley burgers,5,3,1
2760,rise of the skywalker,4,3,11
2761,chocolate chip muesli bar,4,3,12
2762,harvey fresh long life,4,3,11
2763,palmolive hand wash foam ml,5,3,10
2764,angas park dried apricots,4,3,4
2765,red rock chilly chips,4,3,14
2766,tamar valley vanilla yoghurt,4,3,2
2767,chicken breast from the deli,5,3,7
2768,bulla creamy choc mint,4,3,1
2769,natural chip sea salt,4,3,4
2770,coles unsalted mixed nuts,4,3,2
2771,donut king caramel iced doughnut,5,3,1
2772,coles nail polish remove acetone,5,3,5
2773,cadbury fruit and nut chocolate,5,3,3
2774,coles dry ginger ale,4,3,2
2775,mainland on the go,4,3,8
2776,soy sauce gluten free,4,3,3
2777,coles frozen chicken nugget,4,3,1
2778,laurent hot cross buns,4,3,11
2779,organic choice lemongrass cedarwood air freshener ml,8,3,"1,597"
2780,tomato and basil pasta,4,3,11
2781,cookies and cream icr,4,3,"1,337"
2782,sistema klip it cook,4,3,2
2783,taco old el paso,4,3,23
2784,john west salmon tempter,4,3,9
2785,purina lucky dog mini,4,3,5
2786,fancy feast savory cent,4,3,9
2787,purina one adult ocean fish,5,3,1
2788,toscano cherry tomato passata,4,3,0
2789,australian medium grain rice,4,3,2
2790,cadbury dairy milk chocolate molten,5,3,32
2791,cascade lemon lime bitters,4,3,0
2792,latina fresh gluten free ricotta,5,3,2
2793,toothpaste oral gum detoxify,4,3,5
2794,coles tasty cheddar cheese slices,5,3,16
2795,brown rice and quin,4,3,1
2796,dilmah black tea bags,4,3,12
2797,john frieda frizz ease secret weapon,6,3,139
2798,thick and creamy strawberry,4,3,485
2799,butter chicken simmer s,4,3,1
2800,schwarzkopf extra care hair,4,3,104
2801,red rock deli rosemary,4,3,29
2802,liners for kitchen liners,4,3,593
2803,spc baked beans g,4,3,13
2804,coles made easy slow cooked beef brisket,7,3,"4,665"
2805,pana de casa bread,4,3,603
2806,ultiboost hair skin nails,4,3,7
2807,coles make at home,4,3,9
2808,dark smooth peanut butter,4,3,5
2809,coles ice cream,4,3,22
2810,fussy cat grain free flaked tuna,6,3,"1,644"
2811,choc ripple arnotts biscuits,4,3,2
2812,nivea black and white,4,3,13
2813,morning fresh lime,4,3,2
2814,free from gluten plain flour,5,3,4
2815,u super maxi pads,4,3,6
2816,well naturally no sugar chocolate,5,3,15
2817,iced tea lipton lemon,4,3,5
2818,mens hair removal cream,4,3,11
2819,huggies boys size,4,3,21
2820,nature way kids smart omega,5,3,12
2821,longlife milk full cream milk,5,3,39
2822,frozen peas carrots corn,4,3,5
2823,nannas apple and toffee,4,3,3
2824,sea salt and vin,4,3,1
2825,cup of soup dutch curry,5,3,5
2826,beef and onion sau,4,3,1
2827,natures gift dry food,4,3,18
2828,tip top english muffin pack,5,3,3
